--
-- Dumping data for table `tb_formulir_revisi`
--

LOCK TABLES `tb_formulir_revisi` WRITE;
/*!40000 ALTER TABLE `tb_formulir_revisi` DISABLE KEYS */;
INSERT INTO `tb_formulir_revisi` VALUES (1,1,'000017','2011-11-22'),(2,2,'003019','2011-11-23');
/*!40000 ALTER TABLE `tb_formulir_revisi` ENABLE KEYS */;
UNLOCK TABLES;

-- Dumping data for table `tb_histori_tiket`
--

LOCK TABLES `tb_histori_tiket` WRITE;
/*!40000 ALTER TABLE `tb_histori_tiket` DISABLE KEYS */;
INSERT INTO `tb_histori_tiket` VALUES (2,2,1,'2011-11-11'),(3,2,2,'2011-11-12'),(4,2,3,'2011-11-13'),(5,3,4,'2011-11-13'),(6,3,6,'2011-11-14'),(7,3,7,'2011-11-15');
/*!40000 ALTER TABLE `tb_histori_tiket` ENABLE KEYS */;
UNLOCK TABLES;

--
-- Dumping data for table `tb_jenis_satker`
--

LOCK TABLES `tb_jenis_satker` WRITE;
/*!40000 ALTER TABLE `tb_jenis_satker` DISABLE KEYS */;
INSERT INTO `tb_jenis_satker` VALUES (1,'PERMANEN-PUSAT'),(2,'VERTIKAL-UPT'),(3,'KHUSUS'),(4,'SKPD'),(5,'NON VERTIKAL LAINNYA'),(6,'SEMENTARA'),(7,'BUMN'),(8,'BADAN LAYANAN UMUM');
/*!40000 ALTER TABLE `tb_jenis_satker` ENABLE KEYS */;
UNLOCK TABLES;


--
-- Dumping data for table `tb_kat_knowledge_base`
--

LOCK TABLES `tb_kat_knowledge_base` WRITE;
/*!40000 ALTER TABLE `tb_kat_knowledge_base` DISABLE KEYS */;
INSERT INTO `tb_kat_knowledge_base` VALUES (1,'A'),(2,'B'),(3,'C'),(4,'D');
/*!40000 ALTER TABLE `tb_kat_knowledge_base` ENABLE KEYS */;
UNLOCK TABLES;

--
-- Dumping data for table `tb_kelengkapan_doc`
--

LOCK TABLES `tb_kelengkapan_doc` WRITE;
/*!40000 ALTER TABLE `tb_kelengkapan_doc` DISABLE KEYS */;
INSERT INTO `tb_kelengkapan_doc` VALUES (1,'Surat Pengajuan Revisi Anggaran (ASLI)\r\nSurat Pengajuan Revisi Anggaran (ASLI)\r\nSurat Pengajuan Revisi Anggaran (ASLI)'),(2,'SP-RKA-K/L Sebelum revisi'),(3,'Konsep Usulan revisi SP-RKA-K/L'),(4,'Arsip Data Komputer RKA-K/L hasil revisi'),(5,'TOR'),(6,'RAB');
/*!40000 ALTER TABLE `tb_kelengkapan_doc` ENABLE KEYS */;
UNLOCK TABLES;

--
-- Dumping data for table `tb_kelengkapan_formulir`
--

LOCK TABLES `tb_kelengkapan_formulir` WRITE;
/*!40000 ALTER TABLE `tb_kelengkapan_formulir` DISABLE KEYS */;
INSERT INTO `tb_kelengkapan_formulir` VALUES (1,2,1,NULL),(2,2,2,NULL),(3,2,3,NULL),(4,2,4,NULL),(5,2,5,NULL),(6,3,1,NULL),(7,3,2,NULL),(8,3,3,NULL),(9,3,4,NULL),(10,3,5,NULL);
/*!40000 ALTER TABLE `tb_kelengkapan_formulir` ENABLE KEYS */;
UNLOCK TABLES;

--
-- Dumping data for table `tb_kementrian`
--

INSERT INTO `tb_kementrian` (`id_kementrian`, `nama_kementrian`) VALUES
('001', 'MAJELIS PERMUSYAWARATAN RAKYAT'),
('002', 'DEWAN PERWAKILAN RAKYAT'),
('004', 'BADAN PEMERIKSA KEUANGAN'),
('005', 'MAHKAMAH AGUNG'),
('006', 'KEJAKSAAN REPUBLIK INDONESIA'),
('007', 'KEMENTERIAN SEKRETARIAT NEGARA'),
('010', 'KEMENTERIAN DALAM  NEGERI'),
('011', 'KEMENTERIAN LUAR NEGERI'),
('012', 'KEMENTERIAN PERTAHANAN'),
('013', 'KEMENTERIAN HUKUM DAN HAK ASASI MANUSIA RI'),
('015', 'KEMENTERIAN KEUANGAN'),
('018', 'KEMENTERIAN PERTANIAN'),
('019', 'KEMENTERIAN PERINDUSTRIAN'),
('020', 'KEMENTERIAN ENERGI DAN SUMBER DAYA MINERAL'),
('022', 'KEMENTERIAN PERHUBUNGAN'),
('023', 'KEMENTERIAN PENDIDIKAN NASIONAL'),
('024', 'KEMENTERIAN KESEHATAN'),
('025', 'KEMENTERIAN AGAMA'),
('026', 'KEMENTERIAN TENAGA KERJA DAN TRANSMIGRASI'),
('027', 'KEMENTERIAN SOSIAL'),
('029', 'KEMENTERIAN KEHUTANAN'),
('032', 'KEMENTERIAN KELAUTAN DAN PERIKANAN'),
('033', 'KEMENTERIAN PEKERJAAN UMUM'),
('034', 'KEMENTERIAN KOORDINATOR BIDANG POLITIK, HUKUM  DAN KEAMANAN'),
('035', 'KEMENTERIAN KOORDINATOR BIDANG PEREKONOMIAN'),
('036', 'KEMENTERIAN KOORDINATOR BIDANG KESEJAHTERAAN RAKYAT'),
('040', 'KEMENTERIAN KEBUDAYAAN DAN PARIWISATA'),
('041', 'KEMENTERIAN BADAN USAHA MILIK NEGARA'),
('042', 'KEMENTERIAN RISET DAN TEKNOLOGI'),
('043', 'KEMENTERIAN LINGKUNGAN HIDUP'),
('044', 'KEMENTERIAN KOPERASI DAN PENGUSAHA KECIL DAN MENENGAH'),
('047', 'KEMENTERIAN PEMBERDAYAAN PEREMPUAN DAN PERLINDUNGAN ANAK'),
('048', 'KEMENTERIAN PENDAYAGUNAAN APARATUR NEGARA DAN REFORMASI BIROKRASI'),
('050', 'BADAN INTELIJEN NEGARA'),
('051', 'LEMBAGA SANDI NEGARA'),
('052', 'DEWAN KETAHANAN NASIONAL'),
('054', 'BADAN PUSAT STATISTIK'),
('055', 'KEMENTERIAN PERENCANAAN PEMBANGUNAN NASIONAL'),
('056', 'BADAN PERTANAHAN NASIONAL'),
('057', 'PERPUSTAKAAN NASIONAL REPUBLIK INDONESIA'),
('059', 'KEMENTERIAN KOMUNIKASI DAN INFORMATIKA'),
('060', 'KEPOLISIAN NEGARA REPUBLIK INDONESIA'),
('061', 'CICILAN BUNGA HUTANG'),
('062', 'SUBSIDI DAN TRANSFER'),
('063', 'BADAN PENGAWAS OBAT DAN MAKANAN'),
('064', 'LEMBAGA KETAHANAN NASIONAL'),
('065', 'BADAN KOORDINASI PENANAMAN MODAL'),
('066', 'BADAN NARKOTIKA NASIONAL'),
('067', 'KEMENTERIAN PEMBANGUNAN DAERAH TERTINGGAL'),
('068', 'BADAN KEPENDUDUKAN DAN KELUARGA BERENCANA NASIONAL'),
('069', 'BELANJA LAIN-LAIN'),
('070', 'DANA PERIMBANGAN'),
('071', 'DANA OTONOMI KHUSUS PENYEIMBANG'),
('074', 'KOMISI NASIONAL HAK ASASI MANUSIA'),
('075', 'BADAN METEOROLOGI, KLIMATOLOGI DAN GEOFISIKA'),
('076', 'KOMISI PEMILIHAN UMUM'),
('077', 'MAHKAMAH KONSTITUSI RI'),
('078', 'PUSAT PELAPORAN DAN ANALISIS TRANSAKSI KEUANGAN'),
('079', 'LEMBAGA ILMU PENGETAHUAN INDONESIA'),
('080', 'BADAN TENAGA NUKLIR NASIONAL'),
('081', 'BADAN PENGKAJIAN DAN PENERAPAN TEKNOLOGI'),
('082', 'LEMBAGA PENERBANGAN DAN ANTARIKSA NASIONAL'),
('083', 'BADAN KOORDINASI SURVEI DAN PEMETAAN NASIONAL'),
('084', 'BADAN STANDARISASI NASIONAL'),
('085', 'BADAN PENGAWAS TENAGA NUKLIR'),
('086', 'LEMBAGA ADMINISTRASI NEGARA'),
('087', 'ARSIP NASIONAL REPUBLIK INDONESIA'),
('088', 'BADAN KEPEGAWAIAN NEGARA'),
('089', 'BADAN PENGAWASAN  KEUANGAN DAN PEMBANGUNAN'),
('090', 'KEMENTERIAN PERDAGANGAN'),
('091', 'KEMENTERIAN PERUMAHAN RAKYAT'),
('092', 'KEMENTERIAN PEMUDA DAN OLAH RAGA'),
('093', 'KOMISI PEMBERANTASAN KORUPSI'),
('095', 'DEWAN PERWAKILAN DAERAH (DPD)'),
('096', 'PEMBAYARAN CICILAN POKOK HUTANG LUAR NEGERI'),
('097', 'PEMBAYARAN CICILAN POKOK HUTANG DALAM NEGERI'),
('098', 'PENERUSAN PINJAMAN'),
('099', 'PENYERTAAN MODAL NEGARA'),
('100', 'KOMISI YUDISIAL RI'),
('101', 'PENERUSAN PINJAMAN SEBAGAI HIBAH'),
('102', 'PENERUSAN  HIBAH'),
('103', 'BADAN NASIONAL PENANGGULANGAN BENCANA'),
('104', 'BADAN NASIONAL PENEMPATAN DAN PERLINDUNGAN TENAGA KERJA INDONESIA'),
('105', 'BADAN PENANGGULANGAN LUMPUR SIDOARJO (BPLS)'),
('106', 'LEMBAGA KEBIJAKAN PENGADAAN BARANG/JASA PEMERINTAH'),
('107', 'BADAN SAR NASIONAL'),
('108', 'KOMISI PENGAWAS PERSAINGAN USAHA'),
('109', 'BADAN PENGEMBANGAN WILAYAH SURAMADU'),
('110', 'OMBUDSMAN REPUBLIK INDONESIA'),
('111', 'BADAN NASIONAL PENGELOLA PERBATASAN'),
('999', 'BENDAHARA UMUM NEGARA');

-- --------------------------------------------------------

--
-- Dumping data for table `tb_knowledge_base`
--

LOCK TABLES `tb_knowledge_base` WRITE;
/*!40000 ALTER TABLE `tb_knowledge_base` DISABLE KEYS */;
INSERT INTO `tb_knowledge_base` VALUES (1,1,'Knowledge A','Deskripsi A','Jawaban A'),(2,2,'Knowledge B','Deskripsi B','Jawaban B'),(3,3,'Knowledge C','Deskripsi C','Jawaban C'),(4,4,'Knowledge D','Deskripsi D','Jawaban D');
/*!40000 ALTER TABLE `tb_knowledge_base` ENABLE KEYS */;
UNLOCK TABLES;

--
-- Dumping data for table `tb_kon_unit_satker`
--

LOCK TABLES `tb_kon_unit_satker` WRITE;
/*!40000 ALTER TABLE `tb_kon_unit_satker` DISABLE KEYS */;
INSERT INTO `tb_kon_unit_satker` VALUES (1,'0203010100201101','631648'),(2,'0203010100201101','662745'),(3,'0203010100201101','450799'),(4,'0203010100201101','890594'),(5,'0203010100201101','003030'),(6,'0203010100201101','450800'),(7,'0203010100201101','450774'),(8,'0203010100201101','003051'),(9,'0203010100201101','890572'),(10,'0203010100201101','450780'),(11,'0203010100201101','445243'),(12,'0203010100201101','579213'),(13,'0203010100201101','445237'),(14,'0203010100201101','040424'),(15,'0203010100201101','040444'),(16,'0203010200201101','040453'),(17,'0203010200201101','045101'),(18,'0203010200201101','045102'),(19,'0203010200201101','045104'),(20,'0203010200201101','045105'),(21,'0203010200201101','045112'),(22,'0203010200201101','045114'),(23,'0203010200201101','045116'),(24,'0203010200201101','045117'),(25,'0203010200201101','045119'),(26,'0203010200201101','045120'),(27,'0203010200201101','045121'),(28,'0203010200201101','045122'),(29,'0203010200201101','045123'),(30,'0203010200201101','045124'),(31,'0203010200201101','045126'),(32,'0203010200201101','045127'),(33,'0203010200201101','045128');
/*!40000 ALTER TABLE `tb_kon_unit_satker` ENABLE KEYS */;
UNLOCK TABLES;

--
-- Dumping data for table `tb_lavel`
--

LOCK TABLES `tb_lavel` WRITE;
/*!40000 ALTER TABLE `tb_lavel` DISABLE KEYS */;
INSERT INTO `tb_lavel` VALUES (1,'CS A ',1),(2,'CS B',1),(3,'CS C',1),(4,'CS D',1),(5,'CS E',1),(6,'Call 1 ',1),(7,'Call 2',1),(8,'Supervisor ',2),(9,'Kasi Pelaksana ',3),(10,'Kasubdit ',4),(11,'Dirjen ',6),(12,'Admin',7);
/*!40000 ALTER TABLE `tb_lavel` ENABLE KEYS */;
UNLOCK TABLES;

--
-- Dumping data for table `tb_lokasi`
--

INSERT INTO `tb_lokasi` (`id_lokasi`, `nama_lokasi`) VALUES
('01', 'DKI JAKARTA'),
('02', 'JAWA BARAT'),
('03', 'JAWA TENGAH'),
('04', 'DI YOGYAKARTA'),
('05', 'JAWA TIMUR'),
('06', 'NANGGROE ACEH DARUSSALAM'),
('07', 'SUMATERA UTARA'),
('08', 'SUMATERA BARAT'),
('09', 'RIAU'),
('10', 'JAMBI'),
('11', 'SUMATERA SELATAN'),
('12', 'LAMPUNG'),
('13', 'KALIMANTAN BARAT'),
('14', 'KALIMANTAN TENGAH'),
('15', 'KALIMANTAN SELATAN'),
('16', 'KALIMANTAN TIMUR'),
('17', 'SULAWESI UTARA'),
('18', 'SULAWESI TENGAH'),
('19', 'SULAWESI SELATAN'),
('20', 'SULAWESI TENGGARA'),
('21', 'MALUKU'),
('22', 'BALI'),
('23', 'NUSA TENGGARA BARAT'),
('24', 'NUSA TENGGARA TIMUR'),
('25', 'PAPUA'),
('26', 'BENGKULU'),
('28', 'MALUKU UTARA'),
('29', 'BANTEN'),
('30', 'BANGKA BELITUNG'),
('31', 'GORONTALO'),
('32', 'KEPULAUAN RIAU'),
('33', 'PAPUA BARAT'),
('34', 'SULAWESI BARAT'),
('50', 'PERWAKILAN RI DI LUAR NEGERI'),
('51', 'AMERIKA UTARA'),
('52', 'AMERIKA SELATAN'),
('53', 'EROPA TIMUR DAN UTARA'),
('54', 'EROPA BARAT'),
('55', 'AFRIKA'),
('56', 'ASIA TENGAH DAN TIMUR'),
('57', 'ASIA PASIFIK'),
('58', 'ASIA TENGGARA'),
('59', 'TIMUR TENGAH');

-- --------------------------------------------------------

--
-- Dumping data for table `tb_masa_kerja`
--

LOCK TABLES `tb_masa_kerja` WRITE;
/*!40000 ALTER TABLE `tb_masa_kerja` DISABLE KEYS */;
INSERT INTO `tb_masa_kerja` VALUES (3,1,'2011-03-01','2011-03-20'),(4,2,'2011-03-10','2011-03-20'),(6,1,'2011-03-21','2011-03-29'),(7,2,'2011-03-21','2011-03-29'),(8,2,'2011-03-21','2011-03-29'),(9,5,'2011-03-10','2011-03-29'),(10,6,'2011-03-10','2011-03-29'),(11,7,'2011-03-10','2011-03-20'),(12,8,'2011-03-10','2011-03-20');
/*!40000 ALTER TABLE `tb_masa_kerja` ENABLE KEYS */;
UNLOCK TABLES;

--
-- Dumping data for table `tb_petugas_satker`
--

LOCK TABLES `tb_petugas_satker` WRITE;
/*!40000 ALTER TABLE `tb_petugas_satker` DISABLE KEYS */;
INSERT INTO `tb_petugas_satker` VALUES (1,'003030','John Doe','Anything','Anyting'),(2,'005016','More Doe','Anything','Anything'),(3,'005016','Three Doe','Anything','Anything');
/*!40000 ALTER TABLE `tb_petugas_satker` ENABLE KEYS */;
UNLOCK TABLES;

--
-- Dumping data for table `tb_tiket_frontdesk`
--

LOCK TABLES `tb_tiket_frontdesk` WRITE;
/*!40000 ALTER TABLE `tb_tiket_frontdesk` DISABLE KEYS */;
INSERT INTO `tb_tiket_frontdesk` VALUES (2,'001012',1,'2011-11-10',NULL,'C 001','OPEN',1,NULL),(3,'001030',2,'2011-11-10',NULL,'C 002','OPEN',2,NULL);
/*!40000 ALTER TABLE `tb_tiket_frontdesk` ENABLE KEYS */;
UNLOCK TABLES;

--
-- Dumping data for table `tb_tiket_helpdesk`
--

LOCK TABLES `tb_tiket_helpdesk` WRITE;
/*!40000 ALTER TABLE `tb_tiket_helpdesk` DISABLE KEYS */;
INSERT INTO `tb_tiket_helpdesk` VALUES (2,'001030','2011-11-11','judul inti pertanyaan','isi pertanyaan',1,'2','','A 001','CLOSE','2011-11-11',1),(3,'003019','2011-11-11','judul inti pertanyaan','',2,'','','A 002','CLOSE','2011-11-11',2),(4,'631648','2011-11-11','judul inti pertanyaan','',3,'','','A 003','CLOSE','2011-11-11',3),(5,'662745','2011-11-11','judul inti pertanyaan','',1,'','','B 001','CLOSE','2011-11-11',1),(6,'450799','2011-11-11','judul inti pertanyaan','',2,'','','B 003','CLOSE','2011-11-11',2),(7,'890594','2011-11-11','judul inti pertanyaan','',2,'','','B 004','CLOSE','2011-11-11',3),(8,'003030','2011-11-11','judul inti pertanyaan','',4,'','','A 005','CLOSE','2011-11-11',1),(9,'450800','2011-11-11','judul inti pertanyaan','',3,'','','A 006','CLOSE','2011-11-11',2),(10,'450774','2011-11-11','judul inti pertanyaan','',2,'','','A 007','CLOSE','2011-11-11',3),(11,'003051','2011-11-11','judul inti pertanyaan','',4,'','','A 008','CLOSE','2011-11-11',1),(12,'890572','2011-11-11','judul inti pertanyaan','',4,'','','A 009','CLOSE','2011-11-11',2),(13,'450780','2011-11-11','judul inti pertanyaan','',1,'','','A 010','CLOSE','2011-11-11',3);
/*!40000 ALTER TABLE `tb_tiket_helpdesk` ENABLE KEYS */;
UNLOCK TABLES;


--
-- Dumping data for table `tb_unit`
--

INSERT INTO `tb_unit` (`id_unit`, `id_kementrian`, `nama_unit`) VALUES
('01', '001', 'SEKRETARIAT JENDERAL'),
('01', '002', 'SEKRETARIAT JENDERAL'),
('01', '004', 'SEKRETARIAT JENDERAL'),
('01', '005', 'BADAN URUSAN ADMINISTRASI'),
('01', '006', 'KEJAKSAAN REPUBLIK INDONESIA'),
('01', '007', 'SEKRETARIAT NEGARA'),
('01', '010', 'SEKRETARIAT JENDERAL'),
('01', '011', 'SEKRETARIAT JENDERAL'),
('01', '012', 'KEMENTERIAN PERTAHANAN'),
('01', '013', 'SEKRETARIAT JENDERAL'),
('01', '015', 'SEKRETARIAT JENDERAL'),
('01', '018', 'SEKRETARIAT JENDERAL'),
('01', '019', 'SEKRETARIAT JENDERAL'),
('01', '020', 'SEKRETARIAT JENDERAL'),
('01', '022', 'SEKRETARIAT JENDERAL'),
('01', '023', 'SEKRETARIAT JENDERAL'),
('01', '024', 'SEKRETARIAT JENDERAL'),
('01', '025', 'SEKRETARIAT JENDERAL'),
('01', '026', 'SEKRETARIAT JENDERAL'),
('01', '027', 'SEKRETARIAT JENDERAL'),
('01', '029', 'SEKRETARIAT JENDERAL'),
('01', '032', 'SEKRETARIAT JENDERAL'),
('01', '033', 'SEKRETARIAT JENDERAL'),
('01', '034', 'KEMENTERIAN KOORDINATOR BIDANG POLITIK, HUKUM  DAN KEAMANAN'),
('01', '035', 'KEMENTERIAN KOORDINATOR BIDANG PEREKONOMIAN'),
('01', '036', 'KEMENTERIAN KOORDINATOR BIDANG KESEJAHTERAAN RAKYAT'),
('01', '040', 'SEKRETARIAT JENDERAL'),
('01', '041', 'KEMENTERIAN BADAN USAHA MILIK NEGARA'),
('01', '042', 'KEMENTERIAN RISET DAN TEKNOLOGI'),
('01', '043', 'KEMENTERIAN LINGKUNGAN HIDUP'),
('01', '044', 'KEMENTERIAN KOPERASI DAN PENGUSAHA KECIL DAN MENENGAH'),
('01', '047', 'KEMENTERIAN PEMBERDAYAAN PEREMPUAN DAN PERLINDUNGAN ANAK'),
('01', '048', 'KEMENTERIAN PENDAYAGUNAAN APARATUR NEGARA DAN REFORMASI BIROKRASI'),
('01', '050', 'BADAN INTELIJEN NEGARA'),
('01', '051', 'LEMBAGA SANDI NEGARA'),
('01', '052', 'SETJEN DEWAN KETAHANAN NASIONAL'),
('01', '054', 'BADAN PUSAT STATISTIK'),
('01', '055', 'KEMENTERIAN PERENCANAAN PEMBANGUNAN NASIONAL'),
('01', '056', 'BADAN PERTANAHAN NASIONAL'),
('01', '057', 'PERPUSTAKAAN NASIONAL'),
('01', '059', 'SEKRETARIAT JENDERAL'),
('01', '060', 'KEPOLISIAN NEGARA REPUBLIK INDONESIA'),
('01', '063', 'BADAN PENGAWAS OBAT DAN MAKANAN'),
('01', '064', 'LEMBAGA KETAHANAN NASIONAL RI'),
('01', '065', 'BADAN KOORDINASI PENANAMAN MODAL'),
('01', '066', 'BADAN NARKOTIKA NASIONAL'),
('01', '067', 'KEMENTERIAN PEMBANGUNAN DAERAH TERTINGGAL'),
('01', '068', 'BADAN KEPENDUDUKAN DAN KELUARGA BERENCANA NASIONAL'),
('01', '074', 'KOMNAS HAM'),
('01', '075', 'BADAN METEOROLOGI, KLIMATOLOGI DAN GEOFISIKA'),
('01', '076', 'KOMISI PEMILIHAN UMUM'),
('01', '077', 'MAHKAMAH KONSTITUSI RI'),
('01', '078', 'PUSAT PELAPORAN DAN ANALISIS TRANSAKSI KEUANGAN'),
('01', '079', 'LEMBAGA ILMU PENGETAHUAN INDONESIA'),
('01', '080', 'BADAN TENAGA NUKLIR NASIONAL'),
('01', '081', 'BADAN PENGKAJIAN DAN PENERAPAN TEKNOLOGI'),
('01', '082', 'L A P A N'),
('01', '083', 'BADAN KOORDINASI SURVEI DAN PEMETAAN NASIONAL'),
('01', '084', 'BADAN STANDARISASI NASIONAL'),
('01', '085', 'BADAN PENGAWAS TENAGA NUKLIR'),
('01', '086', 'LEMBAGA ADMINISTRASI NEGARA'),
('01', '087', 'ARSIP NASIONAL'),
('01', '088', 'BADAN KEPEGAWAIAN NEGARA'),
('01', '089', 'BADAN PENGAWASAN KEUANGAN DAN PEMBANGUNAN'),
('01', '090', 'SEKRETARIAT JENDERAL'),
('01', '091', 'KEMENTERIAN PERUMAHAN RAKYAT'),
('01', '092', 'KEMENTERIAN PEMUDA DAN OLAH RAGA'),
('01', '093', 'KOMISI PEMBERANTASAN KORUPSI'),
('01', '095', 'SEKRETARIAT JENDERAL DPD RI'),
('01', '100', 'KOMISI YUDISIAL RI'),
('01', '103', 'BADAN NASIONAL PENANGGULANGAN BENCANA'),
('01', '104', 'SEKRETARIAT UTAMA BNP2TKI'),
('01', '105', 'BADAN PENANGGULANGAN LUMPUR SIDOARJO (BPLS)'),
('01', '106', 'LEMBAGA KEBIJAKAN PENGADAAN BARANG/JASA PEMERINTAH'),
('01', '107', 'BADAN SAR NASIONAL'),
('01', '108', 'KOMISI PENGAWAS PERSAINGAN USAHA'),
('01', '109', 'BADAN PENGEMBANGAN WILAYAH SURAMADU (BPWS)'),
('01', '110', 'OMBUDSMAN REPUBLIK INDONESIA'),
('01', '111', 'BADAN NASIONAL PENGELOLA PERBATASAN'),
('01', '999', 'PENGELOLAAN UTANG'),
('02', '001', 'M A J E L I S'),
('02', '002', 'D E W A N'),
('02', '004', 'B. P. K.  PUSAT'),
('02', '005', 'KEPANITERAAN'),
('02', '007', 'SEKRETARIAT KABINET'),
('02', '010', 'INSPEKTORAT JENDERAL'),
('02', '011', 'DIREKTORAT JENDERAL ASIA PASIFIK DAN AFRIKA'),
('02', '013', 'INSPEKTORAT JENDERAL'),
('02', '015', 'INSPEKTORAT JENDERAL'),
('02', '018', 'INSPEKTORAT JENDERAL'),
('02', '019', 'DIREKTORAT JENDERAL INDUSTRI AGRO'),
('02', '020', 'INSPEKTORAT JENDERAL'),
('02', '022', 'INSPEKTORAT JENDERAL'),
('02', '023', 'INSPEKTORAT JENDERAL'),
('02', '024', 'INSPEKTORAT JENDERAL'),
('02', '025', 'INSPEKTORAT JENDERAL'),
('02', '026', 'INSPEKTORAT JENDERAL'),
('02', '027', 'INSPEKTORAT JENDERAL'),
('02', '029', 'INSPEKTORAT JENDERAL'),
('02', '032', 'INSPEKTORAT JENDERAL'),
('02', '033', 'INSPEKTORAT JENDERAL'),
('02', '040', 'INSPEKTORAT JENDERAL'),
('02', '059', 'INSPEKTORAT JENDERAL'),
('02', '090', 'DIREKTORAT JENDERAL PERDAGANGAN DALAM NEGERI'),
('02', '095', 'DEWAN PERWAKILAN DAERAH'),
('02', '999', 'PENGELOLAAN HIBAH'),
('03', '005', 'DIREKTORAT JENDERAL BADAN PERADILAN UMUM'),
('03', '007', 'SEKRETARIAT PRESIDEN'),
('03', '010', 'DITJEN KESATUAN BANGSA DAN POLITIK'),
('03', '011', 'DIREKTORAT JENDERAL AMERIKA DAN EROPA'),
('03', '013', 'DITJEN ADMINISTRASI HUKUM UMUM'),
('03', '015', 'DITJEN ANGGARAN'),
('03', '018', 'DITJEN TANAMAN PANGAN'),
('03', '019', 'DIREKTORAT JENDERAL BASIS INDUSTRI MANUFAKTUR'),
('03', '022', 'DITJEN PERHUBUNGAN DARAT'),
('03', '023', 'DITJEN PENDIDIKAN DASAR'),
('03', '024', 'DITJEN BINA GIZI DAN KESEHATAN IBU DAN ANAK'),
('03', '025', 'DITJEN BIMBINGAN MASYARAKAT ISLAM'),
('03', '027', 'DITJEN PEMBERDAYAAN SOSIAL DAN PENANGGULANGAN KEMISKINAN'),
('03', '029', 'DITJEN BINA USAHA KEHUTANAN'),
('03', '032', 'DITJEN PERIKANAN TANGKAP'),
('03', '033', 'DITJEN PENATAAN RUANG'),
('03', '040', 'DIREKTORAT JENDERAL NILAI BUDAYA, SENI DAN FILM'),
('03', '059', 'DITJEN SUMBER DAYA DAN PERANGKAT POS DAN INFORMATIKA'),
('03', '061', 'CICILAN DAN BUNGA HUTANG'),
('03', '062', 'SUBSIDI DAN TRANSFER'),
('03', '069', 'BELANJA LAIN-LAIN'),
('03', '070', 'DANA PERIMBANGAN'),
('03', '071', 'DANA OTONOMI KHUSUS PENYEIMBANG'),
('03', '090', 'DIREKTORAT JENDERAL PERDAGANGAN LUAR NEGERI'),
('03', '096', 'PEMBAYARAN CICILAN POKOK HUTANG LUAR NEGERI'),
('03', '097', 'PEMBAYARAN CICILAN POKOK HUTANG DALAM NEGERI'),
('03', '098', 'PENERUSAN PINJAMAN'),
('03', '099', 'PENYERTAAN MODAL NEGARA'),
('03', '101', 'PENERUSAN PINJAMAN SEBAGAI HIBAH'),
('03', '102', 'PENERUSAN  HIBAH'),
('03', '999', 'PENGELOLAAN INVESTASI PEMERINTAH'),
('04', '005', 'DIREKTORAT JENDERAL BADAN PERADILAN AGAMA'),
('04', '007', 'SEKRETARIAT WAKIL PRESIDEN'),
('04', '010', 'DITJEN PEMERINTAHAN UMUM'),
('04', '011', 'DIREKTORAT JENDERAL KERJA SAMA ASEAN'),
('04', '015', 'DITJEN PAJAK'),
('04', '018', 'DITJEN HORTIKULTURA'),
('04', '019', 'DIREKTORAT JENDERAL INDUSTRI UNGGULAN BERBASIS TEKNOLOGI TINGGI'),
('04', '020', 'DITJEN MINYAK DAN GAS BUMI'),
('04', '022', 'DITJEN PERHUBUNGAN LAUT'),
('04', '023', 'DITJEN PENDIDIKAN TINGGI'),
('04', '024', 'DITJEN BINA UPAYA KESEHATAN'),
('04', '025', 'DITJEN PENDIDIKAN ISLAM'),
('04', '026', 'DITJEN PEMBINAAN PENEMPATAN TENAGA KERJA'),
('04', '027', 'DITJEN REHABILITASI SOSIAL'),
('04', '029', 'DITJEN BINA PENGELOLAAN DAS DAN PERHUTANAN SOSIAL'),
('04', '032', 'DITJEN PERIKANAN BUDIDAYA'),
('04', '033', 'DITJEN BINA MARGA'),
('04', '040', 'DIREKTORAT JENDERAL SEJARAH DAN PURBAKALA'),
('04', '059', 'DITJEN APLIKASI INFORMATIKA'),
('04', '090', 'DIREKTORAT JENDERAL KERJASAMA PERDAGANGAN INTERNASIONAL'),
('04', '999', 'PENGELOLAAN PENERUSAN PINJAMAN'),
('05', '005', 'DIREKTORAT JENDERAL BADAN PERADILAN MILITER DAN PERADILAN TATA USAHA N'),
('05', '007', 'SEKRETARIAT MILITER PRESIDEN'),
('05', '010', 'DITJEN PEMBERDAYAAN MASYARAKAT DAN DESA'),
('05', '011', 'DIREKTORAT JENDERAL MULTILATERAL'),
('05', '013', 'DITJEN PEMASYARAKATAN'),
('05', '015', 'DITJEN BEA DAN CUKAI'),
('05', '018', 'DITJEN PERKEBUNAN'),
('05', '019', 'DIREKTORAT JENDERAL INDUSTRI KECIL DAN MENENGAH'),
('05', '020', 'DITJEN KETENAGALISTRIKAN'),
('05', '022', 'DITJEN PERHUBUNGAN UDARA'),
('05', '023', 'DITJEN PENDIDIKAN ANAK USIA DINI, NONFORMAL DAN INFORMAL'),
('05', '024', 'DITJEN PENGENDALIAAN PENYAKIT DAN PENYEHATAN LINGKUNGAN'),
('05', '025', 'DITJEN BIMBINGAN MASYARAKAT KRISTEN'),
('05', '026', 'DITJEN PEMBINAAN HUBUNGAN INDUSTRIAL & JAMINAN SOSIAL KETENAGAKERJAAN'),
('05', '027', 'DITJEN PERLINDUNGAN DAN JAMINAN SOSIAL'),
('05', '029', 'DITJEN PERLINDUNGAN HUTAN DAN KONSERVASI ALAM'),
('05', '032', 'DITJEN PENGAWASAN SUMBERDAYA KELAUTAN DAN PERIKANAN'),
('05', '033', 'DITJEN CIPTA KARYA'),
('05', '040', 'DIREKTORAT JENDERAL PENGEMBANGAN DESTINASI PARIWISATA'),
('05', '059', 'DITJEN PENYELENGGARAAN POS DAN INFORMATIKA'),
('05', '090', 'INSPEKTORAT JENDERAL'),
('05', '999', 'PENGELOLAAN TRANSFER KE DAERAH'),
('06', '005', 'BADAN PENELITIAN DAN PENGEMBANGAN PENDIDIKAN DAN PELATIHAN HUKUM DAN P'),
('06', '007', 'PASUKAN PENGAMANAN PRESIDEN'),
('06', '010', 'DITJEN BINA PEMBANGUNAN DAERAH'),
('06', '011', 'DIREKTORAT JENDERAL INFORMASI DAN DIPLOMASI PUBLIK'),
('06', '013', 'DITJEN IMIGRASI'),
('06', '015', 'DITJEN PERIMBANGAN KEUANGAN'),
('06', '018', 'DITJEN PETERNAKAN DAN KESEHATAN HEWAN'),
('06', '019', 'INSPEKTORAT JENDERAL'),
('06', '020', 'DITJEN MINERAL DAN BATUBARA'),
('06', '025', 'DITJEN BIMBINGAN MASYARAKAT KATOLIK'),
('06', '026', 'DITJEN PEMBINAAN PEMBANGUNAN KAWASAN TRANSMIGRASI'),
('06', '029', 'DITJEN PLANOLOGI KEHUTANAN'),
('06', '032', 'DITJEN PENGOLAHAN DAN PEMASARAN HASIL PERIKANAN (P2HP)'),
('06', '033', 'DITJEN SUMBER DAYA AIR'),
('06', '040', 'DIREKTORAT JENDERAL PEMASARAN'),
('06', '059', 'BADAN PENELITIAN DAN PENGEMBANGAN SUMBER DAYA MANUSIA'),
('06', '090', 'DIREKTORAT JENDERAL PENGEMBANGAN EKSPOR NASIONAL'),
('06', '999', 'PENGELOLAAN BELANJA SUBSIDI DAN LAIN-LAIN'),
('07', '005', 'BADAN PENGAWASAN MAHKAMAH AGUNG'),
('07', '007', 'DEWAN PERTIMBANGAN PRESIDEN'),
('07', '010', 'DITJEN OTONOMI DAERAH'),
('07', '011', 'DIREKTORAT JENDERAL HUKUM DAN PERJANJIAN INTERNASIONAL'),
('07', '013', 'DITJEN HAK ATAS KEKAYAAN INTELEKTUAL'),
('07', '015', 'DITJEN PENGELOLAAN UTANG'),
('07', '018', 'DITJEN PENGOLAHAN DAN PEMASARAN HASIL PERTANIAN'),
('07', '019', 'BADAN PENGKAJIAN KEBIJAKAN, IKLIM DAN MUTU INDUSTRI'),
('07', '020', 'DEWAN ENERGI NASIONAL'),
('07', '024', 'DITJEN BINA KEFARMASIAN DAN ALAT KESEHATAN'),
('07', '025', 'DITJEN BIMBINGAN MASYARAKAT HINDU'),
('07', '026', 'DITJEN PEMBINAAN PENGEMBANGAN MASYARAKAT DAN KAWASAN TRANSMIGRASI'),
('07', '029', 'BADAN PENELITIAN DAN PENGEMBANGAN KEHUTANAN'),
('07', '032', 'DITJEN KELAUTAN, PESISIR DAN PULAU-PULAU KECIL (KP3K)'),
('07', '059', 'DITJEN INFORMASI DAN KOMUNIKASI PUBLIK'),
('07', '090', 'BADAN PENGAWAS PERDAGANGAN BERJANGKA KOMODITI'),
('07', '999', 'PENGELOLAAN BELANJA SUBSIDI'),
('08', '007', 'UNIT KERJA PRESIDEN BD.PENGAWASAN & PENGENDALIAN PEMBANGUNAN (UKP4)'),
('08', '010', 'DITJEN KEPENDUDUKAN DAN PENCATATAN SIPIL'),
('08', '011', 'DIREKTORAT JENDERAL PROTOKOL DAN KONSULER'),
('08', '013', 'DITJEN PERATURAN PERUNDANG-UNDANGAN'),
('08', '015', 'DITJEN PERBENDAHARAAN'),
('08', '018', 'DITJEN PRASARANA DAN SARANA PERTANIAN'),
('08', '019', 'DIREKTORAT JENDERAL PENGEMBANGAN PERWILAYAHAN INDUSTRI'),
('08', '022', 'DIREKTORAT JENDERAL PERKERETAAPIAN'),
('08', '025', 'DITJEN BIMBINGAN MASYARAKAT BUDDHA'),
('08', '026', 'DITJEN PEMBINAAN PENGAWASAN KETENAGAKERJAAN'),
('08', '029', 'BADAN PENYULUHAN DAN PENGEMBANGAN SUMBER DAYA MANUSIA KEHUTANAN'),
('08', '090', 'BADAN PENGKAJIAN  DAN PENGEMBANGAN KEBIJAKAN PERDAGANGAN'),
('08', '999', 'PENGELOLAAN BELANJA LAIN-LAIN'),
('09', '007', 'LEMBAGA PERLINDUNGAN SAKSI DAN KORBAN (LPSK)'),
('09', '010', 'DITJEN KEUANGAN DAERAH'),
('09', '011', 'INSPEKTORAT JENDERAL'),
('09', '013', 'DITJEN HAK ASASI MANUSIA'),
('09', '015', 'DITJEN KEKAYAAN NEGARA'),
('09', '018', 'BADAN PENELITIAN DAN PENGEMBANGAN PERTANIAN'),
('09', '019', 'DIREKTORAT JENDERAL KERJASAMA INDUSTRI INTERNATIONAL'),
('09', '025', 'DITJEN PENYELENGGARAAN HAJI DAN UMRAH'),
('09', '090', 'DIREKTORAT JENDERAL STANDARDISASI DAN PERLINDUNGAN KONSUMEN'),
('10', '013', 'BADAN PEMBINAAN HUKUM NASIONAL'),
('10', '015', 'BADAN PENGAWAS PASAR MODAL DAN LEMBAGA KEUANGAN'),
('10', '018', 'BADAN PENYULUHAN DAN PENGEMBANGAN SUMBER DAYA MANUSIA PERTANIAN'),
('10', '040', 'BADAN PENGEMBANGAN SUMBER DAYA KEBUDAYAAN DAN PARIWISATA'),
('10', '069', 'DEPARTEMEN DALAM NEGERI'),
('11', '010', 'BADAN PENELITIAN DAN PENGEMBANGAN'),
('11', '011', 'BADAN PENGKAJIAN DAN PENGEMBANGAN KEBIJAKAN'),
('11', '013', 'BADAN PENELITIAN DAN PENGEMBANGAN HAM'),
('11', '015', 'BADAN PENDIDIKAN DAN PELATIHAN KEUANGAN'),
('11', '018', 'BADAN KETAHANAN PANGAN'),
('11', '020', 'BADAN PENELITIAN DAN PENGEMBANGAN ENERGI DAN SUMBER DAYA MINERAL'),
('11', '022', 'BADAN PENELITIAN DAN PENGEMBANGAN PERHUBUNGAN'),
('11', '023', 'BADAN PENELITIAN DAN PENGEMBANGAN'),
('11', '024', 'BADAN PENELITIAN DAN PENGEMBANGAN KESEHATAN'),
('11', '025', 'BADAN PENELITIAN PENGEMBANGAN DAN PENDIDIKAN PELATIHAN'),
('11', '026', 'BADAN PENELITIAN, PENGEMBANGAN DAN INFORMASI'),
('11', '027', 'BADAN PENDIDIKAN DAN PENELITIAN KESEJAHTERAAN SOSIAL'),
('11', '032', 'BADAN PENELITIAN DAN PENGEMBANGAN KELAUTAN DAN PERIKANAN'),
('11', '033', 'BADAN PENELITIAN DAN PENGEMBANGAN'),
('12', '010', 'BADAN PENDIDIKAN DAN PELATIHAN'),
('12', '013', 'BADAN PENGEMBANGAN SUMBER DAYA MANUSIA HUKUM DAN HAK ASASI MANUSIA'),
('12', '015', 'BADAN KEBIJAKAN FISKAL'),
('12', '018', 'BADAN KARANTINA PERTANIAN'),
('12', '020', 'BADAN DIKLAT ENERGI DAN SUMBER DAYA MINERAL'),
('12', '022', 'BADAN PENGEMBANGAN SUMBER DAYA MANUSIA PERHUBUNGAN'),
('12', '023', 'DITJEN PENDIDIKAN MENENGAH'),
('12', '024', 'BADAN PENGEMBANGAN DAN PEMBERDAYAAN SDM KESEHATAN'),
('12', '032', 'BADAN PENGEMBANGAN SDM KELAUTAN DAN PERIKANAN'),
('13', '020', 'BADAN GEOLOGI'),
('13', '023', 'BADAN PENGEMBANGAN DAN PEMBINAAN BAHASA'),
('13', '026', 'DITJEN PEMBINAAN PELATIHAN DAN PRODUKTIVITAS'),
('13', '032', 'BADAN KARANTINA IKAN, PENGENDALIAN MUTU DAN KEAMANAN HASIL PERIKANAN'),
('13', '033', 'BADAN PEMBINAAN KONSTRUKSI'),
('14', '020', 'BPH MIGAS'),
('14', '023', 'BADAN PENGEMBANGAN SDM PENDIDIKAN DAN PENJAMINAN MUTU PENDIDIKAN'),
('15', '020', 'DITJEN ENERGI BARU TERBARUKAN DAN KONSERVASI ENERGI'),
('21', '012', 'MARKAS BESAR TNI'),
('22', '012', 'MARKAS BESAR TNI AD'),
('23', '012', 'MARKAS BESAR TNI AL'),
('24', '012', 'MARKAS BESAR TNI AU'),
('99', '999', 'PENGELOLAAN TRANSAKSI KHUSUS');

-- --------------------------------------------------------


--
-- Dumping data for table `tb_unit_saker`
--

LOCK TABLES `tb_unit_saker` WRITE;
/*!40000 ALTER TABLE `tb_unit_saker` DISABLE KEYS */;
INSERT INTO `tb_unit_saker` VALUES ('0203010100201101 ','Seksi Anggaran 1A-1 '),('0203010200201101 ','Subbagian tata usaha ');
/*!40000 ALTER TABLE `tb_unit_saker` ENABLE KEYS */;
UNLOCK TABLES;

--
-- Dumping data for table `tb_user`
--

LOCK TABLES `tb_user` WRITE;
/*!40000 ALTER TABLE `tb_user` DISABLE KEYS */;
INSERT INTO `tb_user` VALUES (1,'user_a','pass_1234','heru setiawan','email_a@depkeu.go.id','09876542345678','0203010100201101',1),(2,'user_b','pass_1234','muhaman abdulloh','email_a@depkeu.go.id','09876542345678','0203010100201101',1),(4,'user_c','pass_1234','mike purwanti','email_a@depkeu.go.id','09876542345678','0203010100201101',1),(5,'user_d','pass_1234','ayu fatimah','email_a@depkeu.go.id','09876542345678','0203010200201101',6),(6,'user_e','pass_1234','michael sinulingga','email_a@depkeu.go.id','09876542345678','0203010200201101',7),(7,'user_f','pass_1234','kristian yohanes','email_a@depkeu.go.id','09876542345678','0203010200201101',8),(8,'user_g','pass_1234','fidelio joele','email_a@depkeu.go.id','09876542345678','0203010200201101',9);
/*!40000 ALTER TABLE `tb_user` ENABLE KEYS */;
UNLOCK TABLES;



