-- MySQL dump 10.13  Distrib 5.5.16, for Win32 (x86)
--
-- Host: localhost    Database: db_dja
-- ------------------------------------------------------
-- Server version	5.5.16

/*!40101 SET @OLD_CHARACTER_SET_CLIENT=@@CHARACTER_SET_CLIENT */;
/*!40101 SET @OLD_CHARACTER_SET_RESULTS=@@CHARACTER_SET_RESULTS */;
/*!40101 SET @OLD_COLLATION_CONNECTION=@@COLLATION_CONNECTION */;
/*!40101 SET NAMES utf8 */;
/*!40103 SET @OLD_TIME_ZONE=@@TIME_ZONE */;
/*!40103 SET TIME_ZONE='+00:00' */;
/*!40014 SET @OLD_UNIQUE_CHECKS=@@UNIQUE_CHECKS, UNIQUE_CHECKS=0 */;
/*!40014 SET @OLD_FOREIGN_KEY_CHECKS=@@FOREIGN_KEY_CHECKS, FOREIGN_KEY_CHECKS=0 */;
/*!40101 SET @OLD_SQL_MODE=@@SQL_MODE, SQL_MODE='NO_AUTO_VALUE_ON_ZERO' */;
/*!40111 SET @OLD_SQL_NOTES=@@SQL_NOTES, SQL_NOTES=0 */;

--
-- Table structure for table `peraturan`
--

DROP TABLE IF EXISTS `peraturan`;
/*!40101 SET @saved_cs_client     = @@character_set_client */;
/*!40101 SET character_set_client = utf8 */;
CREATE TABLE `peraturan` (
  `id_peraturan` int(11) NOT NULL AUTO_INCREMENT,
  `judul` varchar(350) DEFAULT NULL,
  `jawab` text,
  PRIMARY KEY (`id_peraturan`)
) ENGINE=InnoDB DEFAULT CHARSET=latin1;
/*!40101 SET character_set_client = @saved_cs_client */;

--
-- Dumping data for table `peraturan`
--

LOCK TABLES `peraturan` WRITE;
/*!40000 ALTER TABLE `peraturan` DISABLE KEYS */;
/*!40000 ALTER TABLE `peraturan` ENABLE KEYS */;
UNLOCK TABLES;

--
-- Table structure for table `tb_ambil_doc`
--

DROP TABLE IF EXISTS `tb_ambil_doc`;
/*!40101 SET @saved_cs_client     = @@character_set_client */;
/*!40101 SET character_set_client = utf8 */;
CREATE TABLE `tb_ambil_doc` (
  `id_ambil_doc` int(11) NOT NULL,
  `no_tiket_frontdesk` int(11) DEFAULT NULL,
  `tanggal_ambil` date DEFAULT NULL,
  `nama_petugas_satker` varchar(100) DEFAULT NULL,
  PRIMARY KEY (`id_ambil_doc`),
  KEY `FK_tb_ambil_doc` (`no_tiket_frontdesk`)
) ENGINE=InnoDB DEFAULT CHARSET=latin1;
/*!40101 SET character_set_client = @saved_cs_client */;

--
-- Dumping data for table `tb_ambil_doc`
--

LOCK TABLES `tb_ambil_doc` WRITE;
/*!40000 ALTER TABLE `tb_ambil_doc` DISABLE KEYS */;
/*!40000 ALTER TABLE `tb_ambil_doc` ENABLE KEYS */;
UNLOCK TABLES;

--
-- Table structure for table `tb_formulir_revisi`
--

DROP TABLE IF EXISTS `tb_formulir_revisi`;
/*!40101 SET @saved_cs_client     = @@character_set_client */;
/*!40101 SET character_set_client = utf8 */;
CREATE TABLE `tb_formulir_revisi` (
  `id_formulir` int(10) NOT NULL AUTO_INCREMENT,
  `no_tiket_frontdesk` int(11) DEFAULT NULL,
  `id_satker` varchar(7) DEFAULT NULL,
  `tanggal` date DEFAULT NULL,
  PRIMARY KEY (`id_formulir`)
) ENGINE=InnoDB DEFAULT CHARSET=latin1;
/*!40101 SET character_set_client = @saved_cs_client */;

--
-- Dumping data for table `tb_formulir_revisi`
--

LOCK TABLES `tb_formulir_revisi` WRITE;
/*!40000 ALTER TABLE `tb_formulir_revisi` DISABLE KEYS */;
/*!40000 ALTER TABLE `tb_formulir_revisi` ENABLE KEYS */;
UNLOCK TABLES;

--
-- Table structure for table `tb_forum`
--

DROP TABLE IF EXISTS `tb_forum`;
/*!40101 SET @saved_cs_client     = @@character_set_client */;
/*!40101 SET character_set_client = utf8 */;
CREATE TABLE `tb_forum` (
  `id_forum` int(11) NOT NULL AUTO_INCREMENT,
  `id_kat_forum` int(11) DEFAULT NULL,
  `judul_forum` varchar(200) DEFAULT NULL,
  `isi_forum` text,
  `file` varchar(350) DEFAULT NULL,
  PRIMARY KEY (`id_forum`),
  KEY `FK_tb_forum` (`id_kat_forum`),
  CONSTRAINT `FK_tb_forum` FOREIGN KEY (`id_kat_forum`) REFERENCES `tb_kat_forum` (`id_kat_forum`)
) ENGINE=InnoDB DEFAULT CHARSET=latin1;
/*!40101 SET character_set_client = @saved_cs_client */;

--
-- Dumping data for table `tb_forum`
--

LOCK TABLES `tb_forum` WRITE;
/*!40000 ALTER TABLE `tb_forum` DISABLE KEYS */;
/*!40000 ALTER TABLE `tb_forum` ENABLE KEYS */;
UNLOCK TABLES;

--
-- Table structure for table `tb_histori_tiket`
--

DROP TABLE IF EXISTS `tb_histori_tiket`;
/*!40101 SET @saved_cs_client     = @@character_set_client */;
/*!40101 SET character_set_client = utf8 */;
CREATE TABLE `tb_histori_tiket` (
  `id_histori_tiket` int(11) NOT NULL AUTO_INCREMENT,
  `no_tiket_frontdesk` int(11) DEFAULT NULL,
  `id_user` int(11) DEFAULT NULL,
  `tanggal` date DEFAULT NULL,
  PRIMARY KEY (`id_histori_tiket`),
  KEY `FK_tb_histori_tiket` (`no_tiket_frontdesk`),
  CONSTRAINT `FK_tb_histori_tiket` FOREIGN KEY (`no_tiket_frontdesk`) REFERENCES `tb_tiket_frontdesk` (`no_tiket_frontdesk`)
) ENGINE=InnoDB DEFAULT CHARSET=latin1;
/*!40101 SET character_set_client = @saved_cs_client */;

--
-- Dumping data for table `tb_histori_tiket`
--

LOCK TABLES `tb_histori_tiket` WRITE;
/*!40000 ALTER TABLE `tb_histori_tiket` DISABLE KEYS */;
/*!40000 ALTER TABLE `tb_histori_tiket` ENABLE KEYS */;
UNLOCK TABLES;

--
-- Table structure for table `tb_jenis_satker`
--

DROP TABLE IF EXISTS `tb_jenis_satker`;
/*!40101 SET @saved_cs_client     = @@character_set_client */;
/*!40101 SET character_set_client = utf8 */;
CREATE TABLE `tb_jenis_satker` (
  `id_jenis_satker` int(11) NOT NULL AUTO_INCREMENT,
  `jenis_satker` varchar(200) DEFAULT NULL,
  PRIMARY KEY (`id_jenis_satker`)
) ENGINE=InnoDB AUTO_INCREMENT=9 DEFAULT CHARSET=latin1;
/*!40101 SET character_set_client = @saved_cs_client */;

--
-- Dumping data for table `tb_jenis_satker`
--

LOCK TABLES `tb_jenis_satker` WRITE;
/*!40000 ALTER TABLE `tb_jenis_satker` DISABLE KEYS */;
INSERT INTO `tb_jenis_satker` VALUES (1,'PERMANEN-PUSAT'),(2,'VERTIKAL-UPT'),(3,'KHUSUS'),(4,'SKPD'),(5,'NON VERTIKAL LAINNYA'),(6,'SEMENTARA'),(7,'BUMN'),(8,'BADAN LAYANAN UMUM');
/*!40000 ALTER TABLE `tb_jenis_satker` ENABLE KEYS */;
UNLOCK TABLES;

--
-- Table structure for table `tb_kat_forum`
--

DROP TABLE IF EXISTS `tb_kat_forum`;
/*!40101 SET @saved_cs_client     = @@character_set_client */;
/*!40101 SET character_set_client = utf8 */;
CREATE TABLE `tb_kat_forum` (
  `id_kat_forum` int(11) NOT NULL AUTO_INCREMENT,
  `kat_forum` varchar(200) DEFAULT NULL,
  PRIMARY KEY (`id_kat_forum`)
) ENGINE=InnoDB DEFAULT CHARSET=latin1;
/*!40101 SET character_set_client = @saved_cs_client */;

--
-- Dumping data for table `tb_kat_forum`
--

LOCK TABLES `tb_kat_forum` WRITE;
/*!40000 ALTER TABLE `tb_kat_forum` DISABLE KEYS */;
/*!40000 ALTER TABLE `tb_kat_forum` ENABLE KEYS */;
UNLOCK TABLES;

--
-- Table structure for table `tb_kat_knowledge_base`
--

DROP TABLE IF EXISTS `tb_kat_knowledge_base`;
/*!40101 SET @saved_cs_client     = @@character_set_client */;
/*!40101 SET character_set_client = utf8 */;
CREATE TABLE `tb_kat_knowledge_base` (
  `id_kat_knowledge_base` int(11) NOT NULL AUTO_INCREMENT,
  `kat_knowledge_base` varchar(50) DEFAULT NULL,
  PRIMARY KEY (`id_kat_knowledge_base`)
) ENGINE=InnoDB DEFAULT CHARSET=latin1;
/*!40101 SET character_set_client = @saved_cs_client */;

--
-- Dumping data for table `tb_kat_knowledge_base`
--

LOCK TABLES `tb_kat_knowledge_base` WRITE;
/*!40000 ALTER TABLE `tb_kat_knowledge_base` DISABLE KEYS */;
/*!40000 ALTER TABLE `tb_kat_knowledge_base` ENABLE KEYS */;
UNLOCK TABLES;

--
-- Table structure for table `tb_kelengkapan_doc`
--

DROP TABLE IF EXISTS `tb_kelengkapan_doc`;
/*!40101 SET @saved_cs_client     = @@character_set_client */;
/*!40101 SET character_set_client = utf8 */;
CREATE TABLE `tb_kelengkapan_doc` (
  `id_kelengkapan` int(11) NOT NULL AUTO_INCREMENT,
  `nama_kelengkapan` varchar(200) DEFAULT NULL,
  PRIMARY KEY (`id_kelengkapan`)
) ENGINE=InnoDB DEFAULT CHARSET=latin1;
/*!40101 SET character_set_client = @saved_cs_client */;

--
-- Dumping data for table `tb_kelengkapan_doc`
--

LOCK TABLES `tb_kelengkapan_doc` WRITE;
/*!40000 ALTER TABLE `tb_kelengkapan_doc` DISABLE KEYS */;
/*!40000 ALTER TABLE `tb_kelengkapan_doc` ENABLE KEYS */;
UNLOCK TABLES;

--
-- Table structure for table `tb_kelengkapan_formulir`
--

DROP TABLE IF EXISTS `tb_kelengkapan_formulir`;
/*!40101 SET @saved_cs_client     = @@character_set_client */;
/*!40101 SET character_set_client = utf8 */;
CREATE TABLE `tb_kelengkapan_formulir` (
  `id_kelengkapan_formulir` int(11) NOT NULL AUTO_INCREMENT,
  `no_tiket_frontdesk` int(11) DEFAULT NULL,
  `id_kelengkapan` int(11) DEFAULT NULL,
  `kelengkapan` varchar(200) DEFAULT NULL,
  PRIMARY KEY (`id_kelengkapan_formulir`),
  KEY `FK_tb_kelengkapan_formulir` (`id_kelengkapan`),
  KEY `FK_tb_kelengkapan_formulir_tikrt` (`no_tiket_frontdesk`),
  CONSTRAINT `FK_tb_kelengkapan_formulir` FOREIGN KEY (`id_kelengkapan`) REFERENCES `tb_kelengkapan_doc` (`id_kelengkapan`),
  CONSTRAINT `FK_tb_kelengkapan_formulir_tikrt` FOREIGN KEY (`no_tiket_frontdesk`) REFERENCES `tb_tiket_frontdesk` (`no_tiket_frontdesk`)
) ENGINE=InnoDB DEFAULT CHARSET=latin1;
/*!40101 SET character_set_client = @saved_cs_client */;

--
-- Dumping data for table `tb_kelengkapan_formulir`
--

LOCK TABLES `tb_kelengkapan_formulir` WRITE;
/*!40000 ALTER TABLE `tb_kelengkapan_formulir` DISABLE KEYS */;
/*!40000 ALTER TABLE `tb_kelengkapan_formulir` ENABLE KEYS */;
UNLOCK TABLES;

--
-- Table structure for table `tb_kementrian`
--

DROP TABLE IF EXISTS `tb_kementrian`;
/*!40101 SET @saved_cs_client     = @@character_set_client */;
/*!40101 SET character_set_client = utf8 */;
CREATE TABLE `tb_kementrian` (
  `id_kementrian` varchar(3) NOT NULL,
  `nama_kementrian` varchar(300) DEFAULT NULL,
  PRIMARY KEY (`id_kementrian`)
) ENGINE=InnoDB DEFAULT CHARSET=latin1;
/*!40101 SET character_set_client = @saved_cs_client */;

--
-- Dumping data for table `tb_kementrian`
--

LOCK TABLES `tb_kementrian` WRITE;
/*!40000 ALTER TABLE `tb_kementrian` DISABLE KEYS */;
INSERT INTO `tb_kementrian` VALUES ('001','MAJELIS PERMUSYAWARATAN RAKYAT'),('002','DEWAN PERWAKILAN RAKYAT'),('004','BADAN PEMERIKSA KEUANGAN'),('005','MAHKAMAH AGUNG'),('006','KEJAKSAAN REPUBLIK INDONESIA'),('007','KEMENTERIAN SEKRETARIAT NEGARA'),('010','KEMENTERIAN DALAM  NEGERI'),('011','KEMENTERIAN LUAR NEGERI'),('012','KEMENTERIAN PERTAHANAN'),('013','KEMENTERIAN HUKUM DAN HAK ASASI MANUSIA RI'),('015','KEMENTERIAN KEUANGAN'),('018','KEMENTERIAN PERTANIAN'),('019','KEMENTERIAN PERINDUSTRIAN'),('020','KEMENTERIAN ENERGI DAN SUMBER DAYA MINERAL'),('022','KEMENTERIAN PERHUBUNGAN'),('023','KEMENTERIAN PENDIDIKAN NASIONAL'),('024','KEMENTERIAN KESEHATAN'),('025','KEMENTERIAN AGAMA'),('026','KEMENTERIAN TENAGA KERJA DAN TRANSMIGRASI'),('027','KEMENTERIAN SOSIAL'),('029','KEMENTERIAN KEHUTANAN'),('032','KEMENTERIAN KELAUTAN DAN PERIKANAN'),('033','KEMENTERIAN PEKERJAAN UMUM'),('034','KEMENTERIAN KOORDINATOR BIDANG POLITIK, HUKUM  DAN KEAMANAN'),('035','KEMENTERIAN KOORDINATOR BIDANG PEREKONOMIAN'),('036','KEMENTERIAN KOORDINATOR BIDANG KESEJAHTERAAN RAKYAT'),('040','KEMENTERIAN KEBUDAYAAN DAN PARIWISATA'),('041','KEMENTERIAN BADAN USAHA MILIK NEGARA'),('042','KEMENTERIAN RISET DAN TEKNOLOGI'),('043','KEMENTERIAN LINGKUNGAN HIDUP'),('044','KEMENTERIAN KOPERASI DAN PENGUSAHA KECIL DAN MENENGAH'),('047','KEMENTERIAN PEMBERDAYAAN PEREMPUAN DAN PERLINDUNGAN ANAK'),('048','KEMENTERIAN PENDAYAGUNAAN APARATUR NEGARA DAN REFORMASI BIROKRASI'),('050','BADAN INTELIJEN NEGARA'),('051','LEMBAGA SANDI NEGARA'),('052','DEWAN KETAHANAN NASIONAL'),('054','BADAN PUSAT STATISTIK'),('055','KEMENTERIAN PERENCANAAN PEMBANGUNAN NASIONAL'),('056','BADAN PERTANAHAN NASIONAL'),('057','PERPUSTAKAAN NASIONAL REPUBLIK INDONESIA'),('059','KEMENTERIAN KOMUNIKASI DAN INFORMATIKA'),('060','KEPOLISIAN NEGARA REPUBLIK INDONESIA'),('061','CICILAN BUNGA HUTANG'),('062','SUBSIDI DAN TRANSFER'),('063','BADAN PENGAWAS OBAT DAN MAKANAN'),('064','LEMBAGA KETAHANAN NASIONAL'),('065','BADAN KOORDINASI PENANAMAN MODAL'),('066','BADAN NARKOTIKA NASIONAL'),('067','KEMENTERIAN PEMBANGUNAN DAERAH TERTINGGAL'),('068','BADAN KEPENDUDUKAN DAN KELUARGA BERENCANA NASIONAL'),('069','BELANJA LAIN-LAIN'),('070','DANA PERIMBANGAN'),('071','DANA OTONOMI KHUSUS PENYEIMBANG'),('074','KOMISI NASIONAL HAK ASASI MANUSIA'),('075','BADAN METEOROLOGI, KLIMATOLOGI DAN GEOFISIKA'),('076','KOMISI PEMILIHAN UMUM'),('077','MAHKAMAH KONSTITUSI RI'),('078','PUSAT PELAPORAN DAN ANALISIS TRANSAKSI KEUANGAN'),('079','LEMBAGA ILMU PENGETAHUAN INDONESIA'),('080','BADAN TENAGA NUKLIR NASIONAL'),('081','BADAN PENGKAJIAN DAN PENERAPAN TEKNOLOGI'),('082','LEMBAGA PENERBANGAN DAN ANTARIKSA NASIONAL'),('083','BADAN KOORDINASI SURVEI DAN PEMETAAN NASIONAL'),('084','BADAN STANDARISASI NASIONAL'),('085','BADAN PENGAWAS TENAGA NUKLIR'),('086','LEMBAGA ADMINISTRASI NEGARA'),('087','ARSIP NASIONAL REPUBLIK INDONESIA'),('088','BADAN KEPEGAWAIAN NEGARA'),('089','BADAN PENGAWASAN  KEUANGAN DAN PEMBANGUNAN'),('090','KEMENTERIAN PERDAGANGAN'),('091','KEMENTERIAN PERUMAHAN RAKYAT'),('092','KEMENTERIAN PEMUDA DAN OLAH RAGA'),('093','KOMISI PEMBERANTASAN KORUPSI'),('095','DEWAN PERWAKILAN DAERAH (DPD)'),('096','PEMBAYARAN CICILAN POKOK HUTANG LUAR NEGERI'),('097','PEMBAYARAN CICILAN POKOK HUTANG DALAM NEGERI'),('098','PENERUSAN PINJAMAN'),('099','PENYERTAAN MODAL NEGARA'),('100','KOMISI YUDISIAL RI'),('101','PENERUSAN PINJAMAN SEBAGAI HIBAH'),('102','PENERUSAN  HIBAH'),('103','BADAN NASIONAL PENANGGULANGAN BENCANA'),('104','BADAN NASIONAL PENEMPATAN DAN PERLINDUNGAN TENAGA KERJA INDONESIA'),('105','BADAN PENANGGULANGAN LUMPUR SIDOARJO (BPLS)'),('106','LEMBAGA KEBIJAKAN PENGADAAN BARANG/JASA PEMERINTAH'),('107','BADAN SAR NASIONAL'),('108','KOMISI PENGAWAS PERSAINGAN USAHA'),('109','BADAN PENGEMBANGAN WILAYAH SURAMADU'),('110','OMBUDSMAN REPUBLIK INDONESIA'),('111','BADAN NASIONAL PENGELOLA PERBATASAN'),('999','BENDAHARA UMUM NEGARA');
/*!40000 ALTER TABLE `tb_kementrian` ENABLE KEYS */;
UNLOCK TABLES;

--
-- Table structure for table `tb_knowledge_base`
--

DROP TABLE IF EXISTS `tb_knowledge_base`;
/*!40101 SET @saved_cs_client     = @@character_set_client */;
/*!40101 SET character_set_client = utf8 */;
CREATE TABLE `tb_knowledge_base` (
  `id_knowledge_base` int(11) NOT NULL AUTO_INCREMENT,
  `id_kat_knowledge_base` int(11) DEFAULT NULL,
  `judul` varchar(200) DEFAULT NULL,
  `desripsi` text,
  `jawaban` text,
  PRIMARY KEY (`id_knowledge_base`),
  KEY `FK_tb_knowledge_base` (`id_kat_knowledge_base`),
  CONSTRAINT `FK_tb_knowledge_base` FOREIGN KEY (`id_kat_knowledge_base`) REFERENCES `tb_kat_knowledge_base` (`id_kat_knowledge_base`)
) ENGINE=InnoDB DEFAULT CHARSET=latin1;
/*!40101 SET character_set_client = @saved_cs_client */;

--
-- Dumping data for table `tb_knowledge_base`
--

LOCK TABLES `tb_knowledge_base` WRITE;
/*!40000 ALTER TABLE `tb_knowledge_base` DISABLE KEYS */;
/*!40000 ALTER TABLE `tb_knowledge_base` ENABLE KEYS */;
UNLOCK TABLES;

--
-- Table structure for table `tb_kon_unit_satker`
--

DROP TABLE IF EXISTS `tb_kon_unit_satker`;
/*!40101 SET @saved_cs_client     = @@character_set_client */;
/*!40101 SET character_set_client = utf8 */;
CREATE TABLE `tb_kon_unit_satker` (
  `id_kon_unit_satker` int(11) NOT NULL AUTO_INCREMENT,
  `kode_unit` varchar(19) DEFAULT NULL,
  `id_satker` varchar(7) DEFAULT NULL,
  PRIMARY KEY (`id_kon_unit_satker`),
  KEY `FK_tb_kon_unit_satker` (`kode_unit`),
  KEY `FK_tb_kon_unit_satker_satker` (`id_satker`),
  CONSTRAINT `FK_tb_kon_unit_satker_satker` FOREIGN KEY (`id_satker`) REFERENCES `tb_satker` (`id_satker`),
  CONSTRAINT `FK_tb_kon_unit_satker` FOREIGN KEY (`kode_unit`) REFERENCES `tb_unit_saker` (`kode_unit`)
) ENGINE=InnoDB DEFAULT CHARSET=latin1;
/*!40101 SET character_set_client = @saved_cs_client */;

--
-- Dumping data for table `tb_kon_unit_satker`
--

LOCK TABLES `tb_kon_unit_satker` WRITE;
/*!40000 ALTER TABLE `tb_kon_unit_satker` DISABLE KEYS */;
/*!40000 ALTER TABLE `tb_kon_unit_satker` ENABLE KEYS */;
UNLOCK TABLES;

--
-- Table structure for table `tb_lavel`
--

DROP TABLE IF EXISTS `tb_lavel`;
/*!40101 SET @saved_cs_client     = @@character_set_client */;
/*!40101 SET character_set_client = utf8 */;
CREATE TABLE `tb_lavel` (
  `id_lavel` int(11) NOT NULL AUTO_INCREMENT,
  `nama_lavel` varchar(200) DEFAULT NULL,
  `lavel` int(11) DEFAULT NULL,
  PRIMARY KEY (`id_lavel`)
) ENGINE=InnoDB AUTO_INCREMENT=13 DEFAULT CHARSET=latin1;
/*!40101 SET character_set_client = @saved_cs_client */;

--
-- Dumping data for table `tb_lavel`
--

LOCK TABLES `tb_lavel` WRITE;
/*!40000 ALTER TABLE `tb_lavel` DISABLE KEYS */;
INSERT INTO `tb_lavel` VALUES (1,'CS A ',1),(2,'CS B',1),(3,'CS C',1),(4,'CS D',1),(5,'CS E',1),(6,'Call 1 ',1),(7,'Call 2',1),(8,'Supervisor ',2),(9,'Kasi Pelaksana ',3),(10,'Kasubdit ',4),(11,'Dirjen ',6),(12,'Admin',7);
/*!40000 ALTER TABLE `tb_lavel` ENABLE KEYS */;
UNLOCK TABLES;

--
-- Table structure for table `tb_lokasi`
--

DROP TABLE IF EXISTS `tb_lokasi`;
/*!40101 SET @saved_cs_client     = @@character_set_client */;
/*!40101 SET character_set_client = utf8 */;
CREATE TABLE `tb_lokasi` (
  `id_lokasi` varchar(3) NOT NULL,
  `nama_lokasi` varchar(200) DEFAULT NULL,
  PRIMARY KEY (`id_lokasi`)
) ENGINE=InnoDB DEFAULT CHARSET=latin1;
/*!40101 SET character_set_client = @saved_cs_client */;

--
-- Dumping data for table `tb_lokasi`
--

LOCK TABLES `tb_lokasi` WRITE;
/*!40000 ALTER TABLE `tb_lokasi` DISABLE KEYS */;
INSERT INTO `tb_lokasi` VALUES ('01','DKI JAKARTA'),('02','JAWA BARAT'),('03','JAWA TENGAH'),('04','DI YOGYAKARTA'),('05','JAWA TIMUR'),('06','NANGGROE ACEH DARUSSALAM'),('07','SUMATERA UTARA'),('08','SUMATERA BARAT'),('09','RIAU'),('10','JAMBI'),('11','SUMATERA SELATAN'),('12','LAMPUNG'),('13','KALIMANTAN BARAT'),('14','KALIMANTAN TENGAH'),('15','KALIMANTAN SELATAN'),('16','KALIMANTAN TIMUR'),('17','SULAWESI UTARA'),('18','SULAWESI TENGAH'),('19','SULAWESI SELATAN'),('20','SULAWESI TENGGARA'),('21','MALUKU'),('22','BALI'),('23','NUSA TENGGARA BARAT'),('24','NUSA TENGGARA TIMUR'),('25','PAPUA'),('26','BENGKULU'),('28','MALUKU UTARA'),('29','BANTEN'),('30','BANGKA BELITUNG'),('31','GORONTALO'),('32','KEPULAUAN RIAU'),('33','PAPUA BARAT'),('34','SULAWESI BARAT'),('50','PERWAKILAN RI DI LUAR NEGERI'),('51','AMERIKA UTARA'),('52','AMERIKA SELATAN'),('53','EROPA TIMUR DAN UTARA'),('54','EROPA BARAT'),('55','AFRIKA'),('56','ASIA TENGAH DAN TIMUR'),('57','ASIA PASIFIK'),('58','ASIA TENGGARA'),('59','TIMUR TENGAH');
/*!40000 ALTER TABLE `tb_lokasi` ENABLE KEYS */;
UNLOCK TABLES;

--
-- Table structure for table `tb_masa_kerja`
--

DROP TABLE IF EXISTS `tb_masa_kerja`;
/*!40101 SET @saved_cs_client     = @@character_set_client */;
/*!40101 SET character_set_client = utf8 */;
CREATE TABLE `tb_masa_kerja` (
  `id_masa_kerja` int(11) NOT NULL AUTO_INCREMENT,
  `id_user` int(11) DEFAULT NULL,
  `tanggal_mulai` date DEFAULT NULL,
  `tanggal_selesai` date DEFAULT NULL,
  PRIMARY KEY (`id_masa_kerja`),
  KEY `FK_tb_masa_kerja` (`id_user`),
  CONSTRAINT `FK_tb_masa_kerja` FOREIGN KEY (`id_user`) REFERENCES `tb_user` (`id_user`)
) ENGINE=InnoDB DEFAULT CHARSET=latin1;
/*!40101 SET character_set_client = @saved_cs_client */;

--
-- Dumping data for table `tb_masa_kerja`
--

LOCK TABLES `tb_masa_kerja` WRITE;
/*!40000 ALTER TABLE `tb_masa_kerja` DISABLE KEYS */;
/*!40000 ALTER TABLE `tb_masa_kerja` ENABLE KEYS */;
UNLOCK TABLES;

--
-- Table structure for table `tb_pengaduan`
--

DROP TABLE IF EXISTS `tb_pengaduan`;
/*!40101 SET @saved_cs_client     = @@character_set_client */;
/*!40101 SET character_set_client = utf8 */;
CREATE TABLE `tb_pengaduan` (
  `id_pengaduan` int(11) NOT NULL AUTO_INCREMENT,
  `id_petugas_satker` int(11) DEFAULT NULL,
  `id_user` int(11) DEFAULT NULL,
  `pengaduan` text,
  PRIMARY KEY (`id_pengaduan`),
  KEY `FK_tb_pengaduan` (`id_user`),
  KEY `FK_tb_pengaduan_satker` (`id_petugas_satker`),
  CONSTRAINT `FK_tb_pengaduan` FOREIGN KEY (`id_user`) REFERENCES `tb_user` (`id_user`),
  CONSTRAINT `FK_tb_pengaduan_satker` FOREIGN KEY (`id_petugas_satker`) REFERENCES `tb_petugas_satker` (`id_petugas_satker`)
) ENGINE=InnoDB DEFAULT CHARSET=latin1;
/*!40101 SET character_set_client = @saved_cs_client */;

--
-- Dumping data for table `tb_pengaduan`
--

LOCK TABLES `tb_pengaduan` WRITE;
/*!40000 ALTER TABLE `tb_pengaduan` DISABLE KEYS */;
/*!40000 ALTER TABLE `tb_pengaduan` ENABLE KEYS */;
UNLOCK TABLES;

--
-- Table structure for table `tb_petugas_satker`
--

DROP TABLE IF EXISTS `tb_petugas_satker`;
/*!40101 SET @saved_cs_client     = @@character_set_client */;
/*!40101 SET character_set_client = utf8 */;
CREATE TABLE `tb_petugas_satker` (
  `id_petugas_satker` int(11) NOT NULL AUTO_INCREMENT,
  `id_satker` varchar(7) DEFAULT NULL,
  `nama_petugas` varchar(70) DEFAULT NULL,
  `jabatan_petugas` varchar(100) DEFAULT NULL,
  `no_hp` varchar(15) DEFAULT NULL,
  PRIMARY KEY (`id_petugas_satker`),
  KEY `FK_tb_petugas_satker_sat` (`id_satker`),
  CONSTRAINT `FK_tb_petugas_satker_sat` FOREIGN KEY (`id_satker`) REFERENCES `tb_satker` (`id_satker`)
) ENGINE=InnoDB DEFAULT CHARSET=latin1;
/*!40101 SET character_set_client = @saved_cs_client */;

--
-- Dumping data for table `tb_petugas_satker`
--

LOCK TABLES `tb_petugas_satker` WRITE;
/*!40000 ALTER TABLE `tb_petugas_satker` DISABLE KEYS */;
/*!40000 ALTER TABLE `tb_petugas_satker` ENABLE KEYS */;
UNLOCK TABLES;

--
-- Table structure for table `tb_satker`
--

DROP TABLE IF EXISTS `tb_satker`;
/*!40101 SET @saved_cs_client     = @@character_set_client */;
/*!40101 SET character_set_client = utf8 */;
CREATE TABLE `tb_satker` (
  `id_satker` varchar(7) NOT NULL,
  `id_kementrian` varchar(3) DEFAULT NULL,
  `id_unit` varchar(3) DEFAULT NULL,
  `id_lokasi` varchar(3) DEFAULT NULL,
  `id_jenis_satker` int(11) DEFAULT NULL,
  `nama_satker` varchar(300) DEFAULT NULL,
  PRIMARY KEY (`id_satker`),
  KEY `FK_tb_satker_kementrian` (`id_kementrian`),
  KEY `FK_tb_satker_lokasi` (`id_lokasi`),
  KEY `FK_tb_satker_jns_satker` (`id_jenis_satker`),
  CONSTRAINT `FK_tb_satker_jns_satker` FOREIGN KEY (`id_jenis_satker`) REFERENCES `tb_jenis_satker` (`id_jenis_satker`),
  CONSTRAINT `FK_tb_satker_kementrian` FOREIGN KEY (`id_kementrian`) REFERENCES `tb_kementrian` (`id_kementrian`),
  CONSTRAINT `FK_tb_satker_lokasi` FOREIGN KEY (`id_lokasi`) REFERENCES `tb_lokasi` (`id_lokasi`)
) ENGINE=InnoDB DEFAULT CHARSET=latin1;
/*!40101 SET character_set_client = @saved_cs_client */;

--
-- Dumping data for table `tb_satker`
--

LOCK TABLES `tb_satker` WRITE;
/*!40000 ALTER TABLE `tb_satker` DISABLE KEYS */;
INSERT INTO `tb_satker` VALUES ('000017','001','01','01',1,'SEKRETARIAT JENDERAL'),('000021','001','02','01',1,'MAJELIS'),('001012','002','01','01',1,'SEKRETARIAT JENDERAL'),('001030','002','02','01',1,'DEWAN'),('003019','004','01','01',1,'SEKRETARIAT JENDERAL'),('003023','004','02','01',1,'BADAN PEMERIKSA KEUANGAN PUSAT'),('003030','004','00','04',1,'BPK RI PERWAKILAN PROVINSI DAERAH ISTIMEWA YOGYAKARTA'),('003044','004','00','19',1,'BPK RI PERWAKILAN  PROVINSI SULAWESI SELATAN'),('003051','004','00','07',1,'BPK RI PERWAKILAN  PROVINSI SUMATERA UTARA'),('004011','005','01','01',1,'SEKRETARIAT MAHKAMAH AGUNG'),('004028','005','02','01',1,'KEPANITERAAN'),('005016','006','01','01',1,'KEJAKSAAN AGUNG R.I.'),('005020','006','01','01',2,'KEJAKSAAN TINGGI D.K.I JAKARTA'),('005037','006','01','01',2,'KEJAKSAAN NEGERI  JAKARTA PUSAT'),('005041','006','01','01',2,'KEJAKSAAN NEGERI JAKARTA BARAT'),('005058','006','01','01',2,'KEJAKSAAN NEGERI JAKARTA UTARA'),('005062','006','01','01',2,'KEJAKSAAN NEGERI JAKARTA TIMUR'),('005079','006','01','01',2,'KEJAKSAAN NEGERI JAKARTA SELATAN'),('005083','006','01','02',2,'KEJAKSAAN TINGGI JAWA BARAT'),('005090','006','01','02',2,'KEJAKSAAN NEGERI BANDUNG'),('005105','006','01','02',2,'KEJAKSAAN NEGERI CIMAHI / BALE BANDUNG'),('005112','006','01','02',2,'KEJAKSAAN NEGERI SUMEDANG'),('005126','006','01','02',2,'KEJAKSAAN NEGERI TASIKMALAYA'),('005130','006','01','02',2,'KEJAKSAAN NEGERI GARUT'),('005147','006','01','02',2,'KEJAKSAAN NEGERI CIAMIS'),('005151','006','01','29',2,'KEJAKSAAN NEGERI SERANG'),('005168','006','01','29',2,'KEJAKSAAN NEGERI TANGERANG'),('005172','006','01','29',2,'KEJAKSAAN NEGERI PANDEGLANG'),('005189','006','01','29',2,'KEJAKSAAN NEGERI RANGKAS BITUNG'),('005193','006','01','02',2,'KEJAKSAAN NEGERI PURWAKARTA'),('005201','006','01','02',2,'KEJAKSAAN NEGERI KARAWANG'),('005215','006','01','02',2,'KEJAKSAAN NEGERI SUBANG'),('005222','006','01','02',2,'KEJAKSAAN NEGERI BEKASI'),('005236','006','01','02',2,'KEJAKSAAN NEGERI BOGOR'),('005240','006','01','02',2,'KEJAKSAAN NEGERI SUKABUMI'),('005257','006','01','02',2,'KEJAKSAAN NEGERI CIANJUR'),('005261','006','01','02',2,'KEJAKSAAN NEGERI CIREBON'),('005278','006','01','02',2,'KEJAKSAAN NEGERI MAJALENGKA'),('005282','006','01','02',2,'KEJAKSAAN NEGERI INDRAMAYU'),('005299','006','01','02',2,'KEJAKSAAN NEGERI KUNINGAN'),('005304','006','01','03',2,'KEJAKSAAN TINGGI JAWA TENGAH'),('005311','006','01','03',2,'KEJAKSAAN NEGERI SEMARANG'),('005325','006','01','03',2,'KEJAKSAAN NEGERI PEKALONGAN'),('005332','006','01','03',2,'KEJAKSAAN NEGERI PATI'),('005346','006','01','03',2,'KEJAKSAAN NEGERI TEGAL'),('005350','006','01','03',2,'KEJAKSAAN NEGERI KUDUS'),('005367','006','01','03',2,'KEJAKSAAN NEGERI KENDAL'),('005371','006','01','03',2,'KEJAKSAAN NEGERI BATANG'),('005388','006','01','03',2,'KEJAKSAAN NEGERI PEMALANG'),('005392','006','01','03',2,'KEJAKSAAN NEGERI BREBES'),('005400','006','01','03',2,'KEJAKSAAN NEGERI TEMANGGUNG'),('005414','006','01','03',2,'KEJAKSAAN NEGERI AMBARAWA'),('005421','006','01','03',2,'KEJAKSAAN NEGERI SALATIGA'),('005435','006','01','03',2,'KEJAKSAAN NEGERI PURWODADI'),('005442','006','01','03',2,'KEJAKSAAN NEGERI DEMAK'),('005456','006','01','03',2,'KEJAKSAAN NEGERI JEPARA'),('005460','006','01','03',2,'KEJAKSAAN NEGERI REMBANG'),('005477','006','01','03',2,'KEJAKSAAN NEGERI BLORA'),('005481','006','01','03',2,'CABANG KEJAKSAAN NEGERI SEMARANG DI PELABUHAN SEMARANG'),('005498','006','01','03',2,'KEJAKSAAN NEGERI MAGELANG'),('005503','006','01','03',2,'KEJAKSAAN NEGERI PURWOREJO'),('005510','006','01','03',2,'KEJAKSAAN NEGERI KEBUMEN'),('005524','006','01','03',2,'KEJAKSAAN NEGERI WONOSOBO'),('005531','006','01','03',2,'KEJAKSAAN NEGERI SURAKARTA'),('005545','006','01','03',2,'KEJAKSAAN NEGERI KLATEN'),('005552','006','01','03',2,'KEJAKSAAN NEGERI BOYOLALI'),('005566','006','01','03',2,'KEJAKSAAN NEGERI KARANGANYAR'),('005570','006','01','03',2,'KEJAKSAAN NEGERI SUKOHARJO'),('005587','006','01','03',2,'KEJAKSAAN NEGERI WONOGIRI'),('005591','006','01','03',2,'KEJAKSAAN NEGERI SRAGEN'),('005609','006','01','03',2,'KEJAKSAAN NEGERI PURWOKERTO'),('005613','006','01','03',2,'KEJAKSAAN NEGERI CILACAP'),('005620','006','01','03',2,'KEJAKSAAN NEGERI PURBALINGGA'),('005634','006','01','03',2,'KEJAKSAAN NEGERI BANYUMAS'),('005641','006','01','03',2,'KEJAKSAAN NEGERI BANJARNEGARA'),('005655','006','01','04',2,'KEJAKSAAN TINGGI  D.I. YOGYAKARTA'),('005662','006','01','04',2,'KEJAKSAAN NEGERI YOGYAKARTA'),('005676','006','01','04',2,'KEJAKSAAN NEGERI WONOSARI'),('005680','006','01','04',2,'KEJAKSAAN NEGERI SLEMAN'),('005697','006','01','04',2,'KEJAKSAAN NEGERI WATES'),('005702','006','01','04',2,'KEJAKSAAN NEGERI BANTUL'),('005719','006','01','05',2,'KEJAKSAAN TINGGI JAWA TIMUR'),('005723','006','01','05',2,'KEJAKSAAN NEGERI SURABAYA'),('005730','006','01','05',2,'KEJAKSAAN NEGERI BOJONEGORO'),('005744','006','01','05',2,'KEJAKSAAN NEGERI GRESIK'),('005751','006','01','05',2,'KEJAKSAAN NEGERI MOJOKERTO'),('005765','006','01','05',2,'KEJAKSAAN NEGERI LAMONGAN'),('005772','006','01','05',2,'KEJAKSAAN NEGERI TUBAN'),('005786','006','01','05',2,'KEJAKSAAN NEGERI JOMBANG'),('005790','006','01','05',2,'KEJAKSAAN NEGERI SIDOARJO'),('005808','006','01','05',2,'KEJAKSAAN NEGERI TANJUNG PERAK'),('005812','006','01','05',2,'KEJAKSAAN NEGERI JEMBER'),('005829','006','01','05',2,'KEJAKSAAN NEGERI BONDOWOSO'),('005833','006','01','05',2,'KEJAKSAAN NEGERI SITUBONDO'),('005840','006','01','05',2,'KEJAKSAAN NEGERI BANYUWANGI'),('005854','006','01','05',2,'KEJAKSAAN NEGERI KEDIRI'),('005861','006','01','05',2,'KEJAKSAAN NEGERI NGANJUK'),('005875','006','01','05',2,'KEJAKSAAN NEGERI BLITAR'),('005882','006','01','05',2,'KEJAKSAAN NEGERI TULUNGAGUNG'),('005896','006','01','05',2,'KEJAKSAAN NEGERI TRENGGALEK'),('005901','006','01','05',2,'KEJAKSAAN NEGERI PAMEKASAN'),('005918','006','01','05',2,'KEJAKSAAN NEGERI BANGKALAN'),('005922','006','01','05',2,'KEJAKSAAN NEGERI SUMENEP'),('005939','006','01','05',2,'KEJAKSAAN NEGERI SAMPANG'),('005943','006','01','05',2,'KEJAKSAAN NEGERI MADIUN'),('005950','006','01','05',2,'KEJAKSAAN NEGERI PONOROGO'),('005964','006','01','05',2,'KEJAKSAAN NEGERI NGAWI'),('005971','006','01','05',2,'KEJAKSAAN NEGERI MAGETAN'),('005985','006','01','05',2,'KEJAKSAAN NEGERI PACITAN'),('005992','006','01','05',2,'KEJAKSAAN NEGERI MALANG'),('006004','006','01','05',2,'KEJAKSAAN NEGERI PASURUAN'),('006011','006','01','05',2,'KEJAKSAAN NEGERI LUMAJANG'),('006025','006','01','05',2,'KEJAKSAAN NEGERI PROBOLINGGO'),('006032','006','01','05',2,'KEJAKSAAN NEGERI BANGIL'),('006046','006','01','05',2,'KEJAKSAAN NEGERI KRAKSAAN'),('006050','006','01','06',2,'KEJAKSAAN TINGGI NANGGROE ACEH DARUSSALAM'),('006067','006','01','06',2,'KEJAKSAAN NEGERI BANDA ACEH'),('006071','006','01','06',2,'KEJAKSAAN NEGERI SABANG'),('006088','006','01','06',2,'KEJAKSAAN NEGERI SIGLI'),('006092','006','01','06',2,'KEJAKSAAN NEGERI BIREUEN'),('006100','006','01','06',2,'KEJAKSAAN NEGERI LHOK SEUMAWE'),('006114','006','01','06',2,'KEJAKSAAN NEGERI LHOK SUKON'),('006121','006','01','06',2,'KEJAKSAAN NEGERI TAKENGON'),('006142','006','01','06',2,'CABANG KEJAKSAAN NEGERI SIGLI DI KOTABAKTI'),('006156','006','01','06',2,'CABANG KEJAKSAAN NEGERI MEUREUDU'),('006160','006','01','06',2,'KEJAKSAAN NEGERI LANGSA'),('006177','006','01','06',2,'KEJAKSAAN NEGERI KUTACANE'),('006181','006','01','06',2,'KEJAKSAAN NEGERI IDI'),('006198','006','01','06',2,'KEJAKSAAN NEGERI KUALA SIMPANG'),('006203','006','01','06',2,'KEJAKSAAN NEGERI BLANGKEJEREN'),('006210','006','01','06',2,'KEJAKSAAN NEGERI MEULABOH'),('006224','006','01','06',2,'KEJAKSAAN NEGERI TAPAK TUAN'),('006231','006','01','06',2,'KEJAKSAAN NEGERI CALANG'),('006245','006','01','06',2,'KEJAKSAAN NEGERI SINABANG'),('006252','006','01','06',2,'KEJAKSAAN NEGERI SINGKIL'),('006266','006','01','06',2,'KEJAKSAAN NEGERI BLANG PIDIE'),('006270','006','01','06',2,'CABANG KEJAKSAAN NEGERI TAPAKTUAN DI BAKONGAN'),('006287','006','01','07',2,'KEJAKSAAN TINGGI SUMATERA UTARA'),('006291','006','01','07',2,'KEJAKSAAN NEGERI MEDAN'),('006309','006','01','07',2,'KEJAKSAAN NEGERI BINJAI'),('006313','006','01','07',2,'KEJAKSAAN NEGERI TANJUNG BALAI'),('006320','006','01','07',2,'KEJAKSAAN NEGERI TEBING TINGGI DELI'),('006334','006','01','07',2,'KEJAKSAAN NEGERI KABANJAHE'),('006341','006','01','07',2,'KEJAKSAAN NEGERI RANTAU PRAPAT'),('006355','006','01','07',2,'KEJAKSAAN NEGERI SIDIKALANG'),('006362','006','01','07',2,'CABANG KEJAKSAAN NEGERI STABAT DI PANGKALAN BRANDAN'),('006376','006','01','07',2,'KEJAKSAAN NEGERI BELAWAN'),('006380','006','01','07',2,'KEJAKSAAN NEGERI LUBUK PAKAM'),('006397','006','01','07',2,'KEJAKSAAN NEGERI KISARAN'),('006402','006','01','07',2,'CABANG KEJAKSAAN NEGERI LUBUK PAKAM DI PANCUR BATU'),('006419','006','01','07',2,'KEJAKSAAN NEGERI STABAT'),('006423','006','01','07',2,'CABANG KEJAKSAAN NEGERI KISARAN DI LABUHAN RUKU'),('006430','006','01','07',2,'CABANG KEJAKSAAN NEGERI KABANJAHE DI TIGA BINANGA'),('006444','006','01','07',2,'CABANG KEJAKSAAN NEGERI RANTAU PRAPAT DI KOTA PINANG'),('006451','006','01','07',2,'KEJAKSAAN NEGERI PEMATANG SIANTAR'),('006465','006','01','07',2,'KEJAKSAAN NEGERI TARUTUNG'),('006472','006','01','07',2,'KEJAKSAAN NEGERI BALIGE'),('006486','006','01','07',2,'CABANG KEJAKSAAN NEGERI BALIGE DI PANGURURAN'),('006490','006','01','07',2,'CABANG KEJAKSAAN NEGERI TARUTUNG DI SIBORONG-BORONG'),('006508','006','01','07',2,'CABANG KEJAKSAAN NEGERI BALIGE DI PORSEA'),('006512','006','01','07',2,'KEJAKSAAN NEGERI SIBOLGA'),('006529','006','01','07',2,'KEJAKSAAN NEGERI PADANG SIDEMPUAN'),('006533','006','01','07',2,'KEJAKSAAN NEGERI PANYABUNGAN'),('006540','006','01','07',2,'CABANG KEJAKSAAN NEGERI PADANG SIDEMPUAN DI GUNUNG TUA'),('006554','006','01','07',2,'CABANG KEJAKSAAN NEGERI PANYABUNGAN DI KOTANOPAN'),('006561','006','01','07',2,'CABANG KEJAKSAAN NEGERI PADANG SIDEMPUAN DI SIBUHUAN'),('006575','006','01','07',2,'CABANG KEJAKSAAN NEGERI PANYABUNGAN DI NATAL'),('006582','006','01','07',2,'CABANG KEJAKSAAN NEGERI PADANG SIDEMPUAN DI SIPIROK'),('006596','006','01','07',2,'KEJAKSAAN NEGERI GUNUNG SITOLI'),('006601','006','01','07',2,'CABANG KEJAKSAAN NEGERI GUNUNG SITOLI DI PULAU TELO'),('006618','006','01','07',2,'CABANG KEJAKSAAN NEGERI TELUK DALAM'),('006622','006','01','08',2,'KEJAKSAAN TINGGI SUMATERA BARAT'),('006639','006','01','08',2,'KEJAKSAAN NEGERI PADANG'),('006643','006','01','08',2,'KEJAKSAAN NEGERI PAINAN'),('006650','006','01','08',2,'KEJAKSAAN NEGERI SAWAHLUNTO'),('006664','006','01','08',2,'KEJAKSAAN NEGERI SOLOK'),('006671','006','01','08',2,'KEJAKSAAN NEGERI PARIAMAN'),('006685','006','01','08',2,'KEJAKSAAN NEGERI SIJUNJUNG'),('006692','006','01','08',2,'KEJAKSAAN NEGERI BATU SANGKAR'),('006707','006','01','08',2,'KEJAKSAAN NEGERI PADANG PANJANG'),('006728','006','01','08',2,'CABANG KEJAKSAAN NEGERI SOLOK DI ALAHAN PANJANG'),('006749','006','01','08',2,'KEJAKSAAN NEGERI BUKITTINGGI'),('006753','006','01','08',2,'KEJAKSAAN NEGERI PAYAKUMBUH'),('006760','006','01','08',2,'KEJAKSAAN NEGERI LUBUK SIKAPING'),('006774','006','01','08',2,'CABANG KEJAKSAAN NEGERI LUBUK BASUNG DI MANINJAU'),('006781','006','01','08',2,'CABANG KEJAKSAAN NEGERI PAYAKUMBUH DI SULIKI'),('006795','006','01','08',2,'CABANG KEJAKSAAN NEGERI PAYAKUMBUH DI PANGKALAN KOTABARU'),('006800','006','01','08',2,'CABANG KEJAKSAAN NEGERI LUBUK SIKAPING DI TALU'),('006817','006','01','09',2,'KEJAKSAAN TINGGI RIAU'),('006821','006','01','09',2,'KEJAKSAAN NEGERI PEKANBARU'),('006838','006','01','09',2,'KEJAKSAAN NEGERI BENGKALIS'),('006842','006','01','09',2,'KEJAKSAAN NEGERI RENGAT'),('006859','006','01','09',2,'KEJAKSAAN NEGERI TEMBILAHAN'),('006863','006','01','09',2,'KEJAKSAAN NEGERI BANGKINANG'),('006870','006','01','09',2,'KEJAKSAAN NEGERI DUMAI'),('006884','006','01','09',2,'CABANG KEJAKSAAN NEGERI BENGKALIS DI SELAT PANJANG'),('006906','006','01','09',2,'KEJAKSAAN NEGERI PASIR PANGARAIAN'),('006910','006','01','09',2,'KEJAKSAAN NEGERI SIAK SRI INDRAPURA'),('006927','006','01','09',2,'KEJAKSAAN NEGERI TELUK KUANTAN'),('006931','006','01','32',2,'KEJAKSAAN NEGERI TANJUNG PINANG'),('006948','006','01','32',2,'KEJAKSAAN NEGERI TANJUNG BALAI KARIMUN'),('006969','006','01','32',2,'CABANG KEJAKSAAN NEGERI RANAI DI TEREMPA'),('006973','006','01','32',2,'KEJAKSAAN NEGERI BATAM'),('006980','006','01','32',2,'CABANG KEJAKSAAN NEGERI TANJUNG BALAI KARIMUN DI TANJUNG BATU'),('006994','006','01','10',2,'KEJAKSAAN TINGGI JAMBI'),('007009','006','01','10',2,'KEJAKSAAN NEGERI JAMBI'),('007013','006','01','10',2,'KEJAKSAAN NEGERI MUARA BULIAN'),('007020','006','01','10',2,'KEJAKSAAN NEGERI MUARA BUNGO'),('007034','006','01','10',2,'KEJAKSAAN NEGERI KUALA TUNGKAL'),('007041','006','01','10',2,'KEJAKSAAN NEGERI BANGKO'),('007055','006','01','10',2,'KEJAKSAAN NEGERI  MUARA TEBO'),('007062','006','01','10',2,'KEJAKSAAN NEGERI SAROLANGUN'),('007076','006','01','10',2,'CABANG KEJAKSAAN NEGERI MUARA BULIAN DI MUARA TEMBESI'),('007080','006','01','10',2,'KEJAKSAAN NEGERI MUARA SABAK'),('007097','006','01','10',2,'KEJAKSAAN NEGERI SUNGAI PENUH'),('007102','006','01','11',2,'KEJAKSAAN TINGGI SUMATERA SELATAN'),('007119','006','01','11',2,'KEJAKSAAN NEGERI PALEMBANG'),('007123','006','01','11',2,'KEJAKSAAN NEGERI KAYUAGUNG'),('007130','006','01','11',2,'KEJAKSAAN NEGERI BATURAJA'),('007144','006','01','11',2,'KEJAKSAAN NEGERI LAHAT'),('007151','006','01','11',2,'KEJAKSAAN NEGERI LUBUK LINGGAU'),('007165','006','01','11',2,'KEJAKSAAN NEGERI MUARA ENIM'),('007172','006','01','11',2,'KEJAKSAAN NEGERI SEKAYU'),('007186','006','01','11',2,'KEJAKSAAN NEGERI PRABUMULIH'),('007190','006','01','11',2,'CABANG KEJAKSAAN NEGERI BATURAJA DI MARTAPURA'),('007208','006','01','11',2,'CABANG KEJAKSAAN NEGERI BATURAJA DI MUARA DUA'),('007212','006','01','11',2,'KEJAKSAAN NEGERI  PAGAR ALAM'),('007229','006','01','11',2,'CABANG KEJAKSAAN NEGERI LAHAT DI TEBING TINGGI'),('007233','006','01','11',2,'CABANG KEJAKSAAN NEGERI MUARA ENIM DI PENDOPO'),('007240','006','01','30',2,'KEJAKSAAN NEGERI PANGKAL PINANG'),('007254','006','01','30',2,'KEJAKSAAN NEGERI SUNGAI LIAT'),('007261','006','01','30',2,'KEJAKSAAN NEGERI TANJUNG PANDAN'),('007275','006','01','30',2,'KEJAKSAAN NEGERI MUNTOK'),('007282','006','01','30',2,'CABANG KEJAKSAAN NEGERI SUNGAI LIAT DI BELINYU'),('007296','006','01','11',2,'KEJAKSAAN NEGERI PANGKALAN BALAI'),('007301','006','01','12',2,'KEJAKSAAN TINGGI LAMPUNG'),('007318','006','01','12',2,'KEJAKSAAN NEGERI BANDAR LAMPUNG'),('007322','006','01','12',2,'KEJAKSAAN NEGERI METRO'),('007339','006','01','12',2,'KEJAKSAAN NEGERI KOTABUMI'),('007343','006','01','12',2,'CABANG KEJAKSAAN NEGERI BANDAR LAMPUNG DI PELABUHAN PANJANG'),('007350','006','01','12',2,'CABANG KEJAKSAAN NEGERI LIWA DI KRUI'),('007364','006','01','12',2,'CABANG KEJAKSAAN NEGERI KOTA AGUNG  DI TALANG PADANG'),('007371','006','01','13',2,'KEJAKSAAN TINGGI KALIMANTAN BARAT'),('007385','006','01','13',2,'KEJAKSAAN NEGERI PONTIANAK'),('007392','006','01','13',2,'KEJAKSAAN NEGERI SINGKAWANG'),('007407','006','01','13',2,'KEJAKSAAN NEGERI MEMPAWAH'),('007411','006','01','13',2,'KEJAKSAAN NEGERI SANGGAU'),('007428','006','01','13',2,'KEJAKSAAN NEGERI KETAPANG'),('007432','006','01','13',2,'KEJAKSAAN NEGERI SINTANG'),('007449','006','01','13',2,'KEJAKSAAN NEGERI PUTUSSIBAU'),('007453','006','01','13',2,'KEJAKSAAN NEGERI SAMBAS'),('007460','006','01','13',2,'CABANG KEJAKSAAN NEGERI SINGKAWANG DI PEMANGKAT'),('007474','006','01','13',2,'KEJAKSAAN NEGERI NGABANG'),('007481','006','01','14',2,'KEJAKSAAN TINGGI KALIMANTAN TENGAH'),('007495','006','01','14',2,'KEJAKSAAN NEGERI PALANGKARAYA'),('007500','006','01','14',2,'KEJAKSAAN NEGERI KUALA KAPUAS'),('007517','006','01','14',2,'KEJAKSAAN NEGERI PANGKALAN BUN'),('007521','006','01','14',2,'KEJAKSAAN NEGERI MUARA TEWEH'),('007538','006','01','14',2,'KEJAKSAAN NEGERI BUNTOK'),('007542','006','01','14',2,'KEJAKSAAN NEGERI TAMIANG LAYANG'),('007559','006','01','14',2,'KEJAKSAAN NEGERI KUALA KURUN'),('007563','006','01','14',2,'KEJAKSAAN NEGERI PURUK CAHU'),('007570','006','01','14',2,'KEJAKSAAN NEGERI SAMPIT'),('007584','006','01','14',2,'KEJAKSAAN NEGERI KASONGAN'),('007591','006','01','15',2,'KEJAKSAAN TINGGI KALIMANTAN SELATAN'),('007606','006','01','15',2,'KEJAKSAAN NEGERI BANJARMASIN'),('007610','006','01','15',2,'KEJAKSAAN NEGERI KANDANGAN'),('007627','006','01','15',2,'KEJAKSAAN NEGERI MARTAPURA'),('007631','006','01','15',2,'KEJAKSAAN NEGERI KOTA BARU'),('007648','006','01','15',2,'KEJAKSAAN NEGERI BARABAI'),('007652','006','01','15',2,'KEJAKSAAN NEGERI AMUNTAI'),('007669','006','01','15',2,'KEJAKSAAN NEGERI RANTAU'),('007673','006','01','15',2,'KEJAKSAAN NEGERI PELAIHARI'),('007680','006','01','15',2,'KEJAKSAAN NEGERI TANJUNG'),('007694','006','01','15',2,'KEJAKSAAN NEGERI MARABAHAN'),('007702','006','01','16',2,'KEJAKSAAN TINGGI KALIMANTAN TIMUR'),('007716','006','01','16',2,'KEJAKSAAN NEGERI BALIKPAPAN'),('007720','006','01','16',2,'KEJAKSAAN NEGERI TANAH GROGOT'),('007737','006','01','16',2,'KEJAKSAAN NEGERI SAMARINDA'),('007741','006','01','16',2,'KEJAKSAAN NEGERI TENGGARONG'),('007758','006','01','16',2,'KEJAKSAAN NEGERI TARAKAN'),('007762','006','01','16',2,'KEJAKSAAN NEGERI TANJUNG SELOR'),('007779','006','01','16',2,'KEJAKSAAN NEGERI TANJUNG REDEB'),('007783','006','01','17',2,'KEJAKSAAN TINGGI SULAWESI UTARA'),('007790','006','01','17',2,'KEJAKSAAN NEGERI MANADO'),('007805','006','01','17',2,'KEJAKSAAN NEGERI TAHUNA'),('007812','006','01','17',2,'KEJAKSAAN NEGERI KOTAMOBAGU'),('007826','006','01','17',2,'KEJAKSAAN NEGERI TONDANO'),('007830','006','01','17',2,'KEJAKSAAN NEGERI BITUNG'),('007847','006','01','17',2,'KEJAKSAAN NEGERI TOMOHON'),('007851','006','01','17',2,'KEJAKSAAN NEGERI AMURANG'),('007868','006','01','31',2,'KEJAKSAAN NEGERI GORONTALO'),('007872','006','01','18',2,'KEJAKSAAN TINGGI SULAWESI TENGAH'),('007889','006','01','18',2,'KEJAKSAAN NEGERI PALU'),('007893','006','01','18',2,'KEJAKSAAN NEGERI PARIGI'),('007901','006','01','18',2,'KEJAKSAAN NEGERI DONGGALA'),('007915','006','01','18',2,'CABANG KEJAKSAAN NEGERI DONGGALA DI SABANG'),('007922','006','01','18',2,'CABANG KEJAKSAAN NEGERI DONGGALA DI TOMPE'),('007936','006','01','18',2,'KEJAKSAAN NEGERI TOLI-TOLI'),('007940','006','01','18',2,'CABANG KEJAKSAAN NEGERI TOLI-TOLI DI LAULALANG'),('007957','006','01','18',2,'CABANG KEJAKSAAN NEGERI TOLI-TOLI DI OGO TUA'),('007978','006','01','18',2,'CABANG KEJAKSAAN NEGERI TOLI-TOLI DI BANGKIR'),('007982','006','01','18',2,'KEJAKSAAN NEGERI POSO'),('007999','006','01','18',2,'CABANG KEJAKSAAN NEGERI POSO DI TOJO UNA-UNA / WAKAI'),('008001','006','01','18',2,'CABANG KEJAKSAAN NEGERI POSO DI BUNGKU'),('008018','006','01','18',2,'CABANG KEJAKSAAN NEGERI POSO DI KOLONODALE'),('008022','006','01','18',2,'CABANG KEJAKSAAN NEGERI AMPANA'),('008039','006','01','18',2,'KEJAKSAAN NEGERI LUWUK'),('008043','006','01','18',2,'CABANG KEJAKSAAN NEGERI LUWUK DI BUNTA'),('008050','006','01','18',2,'KEJAKSAAN NEGERI BANGGAI'),('008064','006','01','18',2,'CABANG KEJAKSAAN LUWUK DI PAGIMANA'),('008071','006','01','18',2,'CABANG KEJAKSAAN NEGERI BUOL DI LOKODIDI'),('008085','006','01','18',2,'CABANG KEJAKSAAN NEGERI BUOL DI PALELEH'),('008092','006','01','18',2,'CABANG KEJAKSAAN NEGERI PARIGI DI TINOMBO'),('008107','006','01','19',2,'KEJAKSAAN TINGGI SULAWESI SELATAN'),('008111','006','01','19',2,'KEJAKSAAN NEGERI MAKASSAR'),('008128','006','01','19',2,'KEJAKSAAN NEGERI BARRU'),('008132','006','01','19',2,'KEJAKSAAN NEGERI JENEPONTO'),('008149','006','01','19',2,'KEJAKSAAN NEGERI MAROS'),('008153','006','01','19',2,'KEJAKSAAN NEGERI PANGKAJENE KEPULAUAN'),('008160','006','01','19',2,'KEJAKSAAN NEGERI SUNGGUMINASA'),('008174','006','01','19',2,'KEJAKSAAN NEGERI TAKALAR'),('008181','006','01','19',2,'CABANG KEJAKSAAN NEGERI MAKASSAR DI PELABUHAN MAKASSAR'),('008195','006','01','19',2,'CABANG KEJAKSAAN NEGERI SUNGGU MINASA DI MALINO'),('008200','006','01','19',2,'KEJAKSAAN NEGERI PARE PARE'),('008217','006','01','19',2,'KEJAKSAAN NEGERI PINRANG'),('008221','006','01','19',2,'KEJAKSAAN NEGERI SIDENRENG - RAPPANG'),('008238','006','01','19',2,'KEJAKSAAN NEGERI ENREKANG'),('008242','006','01','19',2,'KEJAKSAAN NEGERI PALOPO'),('008259','006','01','19',2,'KEJAKSAAN NEGERI MAKALE'),('008263','006','01','19',2,'CABANG KEJAKSAAN NEGERI MAKALE DI RANTEPAU'),('008270','006','01','19',2,'KEJAKSAAN NEGERI MASAMBA'),('008284','006','01','19',2,'CABANG KEJAKSAAN NEGERI MALILI DI WOTU'),('008291','006','01','19',2,'KEJAKSAAN NEGERI  BELOPA'),('008306','006','01','34',2,'KEJAKSAAN NEGERI MAJENE'),('008310','006','01','34',2,'KEJAKSAAN NEGERI MAMUJU'),('008327','006','01','34',2,'KEJAKSAAN NEGERI POLEWALI'),('008331','006','01','34',2,'KEJAKSAAN NEGERI MAMASA'),('008348','006','01','19',2,'KEJAKSAAN NEGERI BANTAENG'),('008352','006','01','19',2,'KEJAKSAAN NEGERI BULUKUMBA'),('008369','006','01','19',2,'KEJAKSAAN NEGERI SELAYAR'),('008373','006','01','19',2,'KEJAKSAAN NEGERI SINJAI'),('008380','006','01','19',2,'KEJAKSAAN NEGERI BONE'),('008394','006','01','19',2,'KEJAKSAAN NEGERI SENGKANG'),('008402','006','01','19',2,'KEJAKSAAN NEGERI SOPPENG'),('008416','006','01','20',2,'KEJAKSAAN TINGGI SULAWESI TENGGARA'),('008420','006','01','20',2,'KEJAKSAAN NEGERI KENDARI'),('008437','006','01','20',2,'KEJAKSAAN NEGERI BAU-BAU'),('008441','006','01','20',2,'KEJAKSAAN NEGERI RAHA'),('008458','006','01','20',2,'KEJAKSAAN NEGERI KOLAKA'),('008462','006','01','21',2,'KEJAKSAAN TINGGI MALUKU'),('008479','006','01','21',2,'KEJAKSAAN NEGERI AMBON'),('008483','006','01','21',2,'KEJAKSAAN NEGERI TUAL'),('008490','006','01','21',2,'KEJAKSAAN NEGERI MASOHI'),('008505','006','01','21',2,'CABANG KEJAKSAAN NEGERI AMBON DI BANDANAERA'),('008512','006','01','21',2,'CABANG KEJAKSAAN NEGERI AMBON DI SAPARUA'),('008526','006','01','21',2,'KEJAKSAAN NEGERI DOBO'),('008530','006','01','21',2,'KEJAKSAAN NEGERI NAMLEA'),('008547','006','01','21',2,'KEJAKSAAN NEGERI SAUMLAKI'),('008551','006','01','21',2,'CABANG KEJAKSAAN NEGERI TUAL DI WONRELI'),('008568','006','01','21',2,'CABANG KEJAKSAAN NEGERI MASOHI DI WAHAI'),('008572','006','01','21',2,'CABANG KEJAKSAAN NEGERI MASOHI DI GESER'),('008589','006','01','21',2,'CABANG KEJAKSAAN NEGERI MASOHI DI PIRU'),('008593','006','01','28',2,'KEJAKSAAN NEGERI TERNATE'),('008601','006','01','28',2,'KEJAKSAAN NEGERI TOBELO'),('008615','006','01','28',2,'KEJAKSAAN NEGERI SOASIO'),('008622','006','01','28',2,'KEJAKSAAN NEGERI WEDA'),('008636','006','01','28',2,'KEJAKSAAN NEGERI  LABUHA'),('008640','006','01','28',2,'KEJAKSAAN NEGERI SANANA'),('008657','006','01','28',2,'CABANG KEJAKSAAN NEGERI TERNATE DI MOROTAI'),('008661','006','01','28',2,'CABANG KEJAKSAAN NEGERI TERNATE DI JAILOLO'),('008678','006','01','22',2,'KEJAKSAAN TINGGI BALI'),('008682','006','01','22',2,'KEJAKSAAN NEGERI DENPASAR'),('008699','006','01','22',2,'KEJAKSAAN NEGERI SINGARAJA'),('008704','006','01','22',2,'KEJAKSAAN NEGERI BANGLI'),('008711','006','01','22',2,'KEJAKSAAN NEGERI AMLAPURA'),('008725','006','01','22',2,'KEJAKSAAN NEGERI GIANYAR'),('008732','006','01','22',2,'KEJAKSAAN NEGERI NEGARA'),('008746','006','01','22',2,'KEJAKSAAN NEGERI TABANAN'),('008750','006','01','22',2,'KEJAKSAAN NEGERI KLUNGKUNG'),('008767','006','01','23',2,'KEJAKSAAN TINGGI NUSA TENGGARA BARAT'),('008771','006','01','23',2,'KEJAKSAAN NEGERI MATARAM'),('008788','006','01','23',2,'KEJAKSAAN NEGERI PRAYA'),('008792','006','01','23',2,'KEJAKSAAN NEGERI SELONG'),('008800','006','01','23',2,'KEJAKSAAN NEGERI SUMBAWA BESAR'),('008814','006','01','23',2,'KEJAKSAAN NEGERI DOMPU'),('008821','006','01','23',2,'KEJAKSAAN NEGERI RABA'),('008835','006','01','24',2,'KEJAKSAAN TINGGI NUSA TENGGARA TIMUR'),('008842','006','01','24',2,'KEJAKSAAN NEGERI KUPANG'),('008856','006','01','24',2,'KEJAKSAAN NEGERI SO\'E'),('008860','006','01','24',2,'KEJAKSAAN NEGERI KEFAMENANU'),('008877','006','01','24',2,'KEJAKSAAN NEGERI ATAMBUA'),('008881','006','01','24',2,'KEJAKSAAN NEGERI BA\'A'),('008898','006','01','24',2,'KEJAKSAAN NEGERI KALABAHI'),('008903','006','01','24',2,'KEJAKSAAN NEGERI WAIKABUBAK'),('008910','006','01','24',2,'KEJAKSAAN NEGERI WAINGAPU'),('008924','006','01','24',2,'KEJAKSAAN NEGERI ENDE'),('008931','006','01','24',2,'KEJAKSAAN NEGERI MAUMERE'),('008945','006','01','24',2,'KEJAKSAAN NEGERI LARANTUKA'),('008952','006','01','24',2,'KEJAKSAAN NEGERI BAJAWA'),('008966','006','01','24',2,'KEJAKSAAN NEGERI RUTENG'),('008970','006','01','25',2,'KEJAKSAAN TINGGI PAPUA'),('008987','006','01','25',2,'KEJAKSAAN NEGERI JAYA PURA'),('008991','006','01','25',2,'KEJAKSAAN NEGERI WAMENA'),('009006','006','01','25',2,'KEJAKSAAN NEGERI BIAK'),('009010','006','01','25',2,'KEJAKSAAN NEGERI NABIRE'),('009027','006','01','25',2,'KEJAKSAAN NEGERI SERUI'),('009031','006','01','33',2,'KEJAKSAAN NEGERI FAK-FAK'),('009048','006','01','33',2,'KEJAKSAAN NEGERI MANOKWARI'),('009052','006','01','25',2,'KEJAKSAAN NEGERI MERAUKE'),('009069','006','01','33',2,'KEJAKSAAN NEGERI SORONG'),('009073','006','01','26',2,'KEJAKSAAN TINGGI BENGKULU'),('009080','006','01','26',2,'KEJAKSAAN NEGERI BENGKULU'),('009094','006','01','26',2,'KEJAKSAAN NEGERI CURUP'),('009102','006','01','26',2,'KEJAKSAAN NEGERI MANNA'),('009116','006','01','26',2,'KEJAKSAAN NEGERI ARGA MAKMUR'),('009120','006','01','58',1,'PERWAKILAN KEJAKSAAN AGUNG RI DI BANGKOK'),('009137','006','01','56',1,'PERWAKILAN KEJAKSAAN AGUNG RI DI HONGKONG'),('009141','006','01','08',2,'CABANG KEJAKSAAN NEGERI PAINAN DI BALAI SELASA'),('009158','006','01','32',2,'CABANG KEJAKSAAN NEGERI TANJUNG BALAI KARIMUN DI MORO'),('009179','006','01','12',2,'KEJAKSAAN NEGERI KALIANDA'),('009183','006','01','12',2,'CABANG KEJAKSAAN NEGERI KOTA AGUNG DI PRINGSEWU'),('009190','006','01','12',2,'KEJAKSAAN NEGERI  KOTA AGUNG'),('009272','006','01','31',2,'KEJAKSAAN NEGERI TILAMUTA'),('009293','006','01','18',2,'CABANG KEJAKSAAN NEGERI PARIGI DI MAUTONG'),('009378','006','01','24',2,'CABANG KEJAKSAAN NEGERI KUPANG DI SEBA'),('009432','006','01','31',2,'KEJAKSAAN NEGERI LIMBOTO'),('009467','006','01','02',2,'KEJAKSAAN NEGERI CIBADAK'),('009471','006','01','02',2,'KEJAKSAAN NEGERI SUMBER'),('009488','006','01','03',2,'KEJAKSAAN NEGERI SLAWI'),('009492','006','01','03',2,'KEJAKSAAN NEGERI MUNGKID'),('009500','006','01','08',2,'KEJAKSAAN NEGERI LUBUK BASUNG'),('009514','006','01','24',2,'CABANG KEJAKSAAN NEGERI RUTENG DI REO'),('009521','006','01','24',2,'KEJAKSAAN NEGERI LABUHAN BAJO'),('009535','006','01','24',2,'KEJAKSAAN NEGERI  LEWOLEBA'),('009542','006','01','24',2,'CABANG KEJAKSAAN NEGERI LARANTUKA DI WAIWERANG'),('009556','006','01','31',2,'CABANG KEJAKSAAN NEGERI LIMBOTO DI KWANDANG'),('009560','006','01','17',2,'CABANG KEJAKSAAN NEGERI TAHUNA DI ONDONGSIAU'),('009577','006','01','17',2,'CABANG KEJAKSAAN NEGERI MELONGUANE DI BEO'),('009581','006','01','12',2,'KEJAKSAAN NEGERI SUKADANA'),('009598','006','01','12',2,'KEJAKSAAN NEGERI GUNUNG SUGIH'),('009603','006','01','12',2,'KEJAKSAAN NEGERI  MENGGALA'),('009610','006','01','22',2,'CABANG KEJAKSAAN NEGERI KLUNGKUNG DI NUSA PENIDA'),('009624','006','01','14',2,'KEJAKSAAN NEGERI PULANG PISAU'),('009631','006','01','14',2,'CABANG KEJAKSAAN NEGERI KUALA KAPUAS DI PALINGKAU'),('009645','006','01','18',2,'CABANG KEJAKSAAN NEGERI POSO DI TENTENA'),('009652','006','01','19',2,'CABANG KEJAKSAAN NEGERI MAROS DI CAMBA'),('009666','006','01','19',2,'CABANG KEJAKSAAN NEGERI BULUKUMBA DI KAJANG'),('009670','006','01','19',2,'CABANG KEJAKSAAN NEGERI BONE DI LAPARIAJA'),('009687','006','01','19',2,'CABANG KEJAKSAAN NEGERI BONE DI POMPANUA'),('009691','006','01','19',2,'CABANG KEJAKSAAN NEGERI BONE DI KAJUARA'),('009709','006','01','17',2,'CABANG KEJAKSAAN NEGERI KOTAMOBAGU DI BOROKO'),('009713','006','01','17',2,'CABANG KEJAKSAAN NEGERI KOTAMOBAGU DI DUMOGA'),('009720','006','01','10',2,'CABANG KEJAKSAAN NEGERI MUARA SABAH DI NIPAH PANJANG'),('009734','006','01','07',2,'CABANG KEJAKSAAN NEGERI LUBUK PAKAM DI LABUHAN DELI'),('009741','006','01','16',2,'KEJAKSAAN NEGERI NUNUKAN'),('009755','006','01','30',2,'KEJAKSAAN NEGERI MANGGAR'),('009762','006','01','06',2,'KEJAKSAAN NEGERI JANTHO'),('009776','006','01','07',2,'KEJAKSAAN NEGERI SIANTAR'),('009802','006','01','02',2,'KEJAKSAAN NEGERI DEPOK'),('009819','006','01','02',2,'KEJAKSAAN NEGERI BANJAR'),('009823','006','01','16',2,'KEJAKSAAN NEGERI BONTANG'),('010002','023','00','01',4,'DINAS PENDIDIKAN PROVINSI DKI JAKARTA (08)'),('010005','010','00','01',4,'BADAN PEMBERDAYAAN MASYARAKAT PROVINSI DKI JAKARTA (05)'),('010006','091','00','01',4,'DINAS PERUMAHAN DAN GEDUNG PROV. DKI JAKARTA'),('010007','044','00','01',4,'DINAS KOPERASI UKM PROVINSI DKI JAKARTA'),('010009','018','00','01',4,'DINAS KELAUTAN DAN PERTANIAN PROVINSI DKI JAKARTA'),('010011','040','00','01',4,'DINAS PARIWISATA DAN KEBUDAYAAN PROVINSI DKI JAKARTA'),('010013','033','00','01',4,'DINAS PEKERJAAN UMUM PROVINSI DKI JAKARTA (01)'),('010014','033','00','01',4,'DINAS PJU DAN SARANA JARINGAN UTILITAS PROVINSI DKI JAKARTA'),('010015','033','00','01',4,'DINAS TATA KOTA PROVINSI DKI JAKARTA'),('010016','033','00','01',4,'DINAS PENATAAN PENGAWASAN BANGUNAN PROVINSI DKI JAKARTA'),('010017','033','00','01',4,'DINAS PERTAMANAN PROVINSI DKI JAKARTA'),('010018','033','00','01',4,'DINAS PERUMAHAN PROVINSI DKI JAKARTA'),('010019','022','00','01',4,'DINAS PERHUBUNGAN PROVINSI DKI JAKARTA'),('010020','022','00','01',4,'DINAS KEBERSIHAN PROVINSI DKI JAKARTA'),('010021','020','00','01',4,'DINAS PERINDUSTRIAN DAN ENERGI PROVINSI DKI JAKARTA'),('010022','023','00','01',4,'DINAS PENDIDIKAN PROVINSI DKI JAKARTA'),('010024','024','00','01',4,'DINAS KESEHATAN PROVINSI DKI JAKARTA'),('010026','092','00','01',4,'DINAS OLAHRAGA DAN PEMUDA PROVINSI DKI JAKARTA'),('010028','026','00','01',4,'DINAS TENAGA KERJA DAN TRANSMIGRASI PROVINSI DKI JAKARTA'),('010029','010','00','01',4,'BADAN PERENCANAAN DAERAH PROVINSI DKI JAKARTA (01)'),('010030','088','00','01',4,'BADAN KEPEGAWAIAN DAERAH PROVINSI DKI JAKARTA'),('010033','043','00','01',4,'BADAN PENGELOLAAN LINGKUNGAN HIDUP DAERAH PROVINSI DKI JAKARTA'),('010040','033','00','01',4,'KANTOR TATA BANGUNAN DAN GEDUNG PEMDA PROVINSI DKI JAKARTA'),('010041','033','00','01',4,'KANTOR PELAYANAN PEMAKAMAN PROVINSI DKI JAKARTA'),('010047','023','00','01',4,'DINAS PENDIDIKAN  NASIONAL PROPINSI DKI JAKARTA (03)'),('010048','023','00','01',4,'DINAS PENDIDIKAN  NASIONAL PROPINSI DKI JAKARTA (05)'),('010054','090','00','01',4,'DINAS KOPERASI, USAHA MIKRO KECIL, MENENGAH DAN PERDAGANGAN DKI JAKARTA'),('010056','019','00','01',4,'DINAS PERINDUSTRIAN DAN PERDAGANGAN DKI JAKARTA (01)'),('010057','019','00','01',4,'DINAS PERINDUSTRIAN DAN ENERGI PROVINSI DKI JAKARTA'),('010076','032','00','01',4,'DINAS KELAUTAN DAN PERTANIAN PROVINSI DKI JAKARTA'),('010079','018','00','01',4,'DINAS KELAUTAN DAN PERTANIAN PROVINSI DKI JAKARTA'),('010080','018','00','01',4,'BALAI PENGAWASAN DAN SERTIFIKASI BENIH TPH PROP. DKI JAKARTA'),('010081','018','00','01',4,'BALAI PROTEKSI TANAMAN PROPINSI DKI JAKARTA'),('010082','018','03','01',2,'BALAI BESAR PENGEMBANGAN PENGUJIAN MUTU BENIH TANAMAN PANGAN & HORTIKULTURA DKI JAKARTA'),('010083','018','00','01',4,'BALAI PENGUJIAN MUTU DAN SERTIFIKASI HASIL PERTANIAN DAN HASIL HUTAN PROP. DKI JAKARTA'),('010084','018','00','01',4,'BALAI PENGUJIAN MUTU PRODUK TANAMAN JAKARTA'),('010087','027','00','01',4,'DINAS SOSIAL PROVINSI DKI JAKARTA'),('010088','027','00','01',4,'DINAS BINA MENTAL SPIRITUAL DAN KESEJAHTERAAN SOSIAL  DKI JAKARTA (01)'),('010089','027','00','01',4,'DINAS BINA MENTAL SPIRITUAL DAN KESEJAHTERAAN SOSIAL  DKI JAKARTA (04)'),('010090','027','00','01',4,'DINAS BINA MENTAL SPIRITUAL DAN KESEJAHTERAAN SOSIAL  DKI JAKARTA (05)'),('010091','018','00','01',4,'DINAS KELAUTAN DAN PERTANIAN PROVINSI DKI JAKARTA'),('010095','026','00','01',4,'BPPD DKI JAKARTA'),('010097','010','00','01',4,'SEKRETARIAT DPRD  PROPINSI  DKI JAKARTA (ADB)'),('010098','010','00','01',4,'BAWASDA/INSPEKTORAT PROPINSI  DKI JAKARTA (ADB)'),('010099','010','00','01',4,'BAWASDA/INSPEKTORAT  PROPINSI  DKI JAKARTA'),('010101','010','00','01',4,'SEKRETARIAT DAERAH KOTAMADYA JAKARTA PUSAT (01)'),('010102','010','00','01',4,'DINAS TRAMTIB DAN LINMAS KOTAMADYA JAKARTA PUSAT (01)'),('010103','010','00','01',4,'DINAS KEPENDUDUKAN DAN CATATAN SIPIL KOTAMADYA JAKARTA PUSAT (01)'),('010104','010','00','01',4,'DINAS PEMADAM KEBAKARAN KOTAMADYA JAKARTA PUSAT'),('010106','044','00','01',4,'DINAS KOPERASI UKM KOTAMADYA JAKARTA PUSAT (01)'),('010107','010','00','01',4,'DINAS PERINDUSTRIAN DAN PERDAGANGAN KOTAMADYA JAKARTA PUSAT (01)'),('010111','010','00','01',4,'DINAS PENDAPATAN DAERAH KOTAMADYA JAKARTA PUSAT (01)'),('010112','033','00','01',4,'DINAS PEKERJAAN UMUM KOTAMADYA JAKARTA PUSAT'),('010113','033','00','01',4,'DINAS PJU DAN SARANA JARINGAN UTILITAS KOTAMADYA JAKARTA PUSAT'),('010114','033','00','01',4,'DINAS TATA KOTA KOTAMADYA JAKARTA PUSAT'),('010115','033','00','01',4,'DINAS PENATAAN PENGAWASAN BANGUNAN KOTAMADYA JAKARTA PUSAT'),('010116','033','00','01',4,'DINAS PERTAMANAN KOTAMADYA JAKARTA PUSAT'),('010117','033','00','01',4,'DINAS PERUMAHAN KOTAMADYA JAKARTA PUSAT'),('010118','022','00','01',4,'DINAS PERHUBUNGAN KOTAMADYA JAKARTA PUSAT'),('010119','022','00','01',4,'DINAS KEBERSIHAN KOTAMADYA JAKARTA PUSAT'),('010120','020','00','01',4,'DINAS PERTAMBANGAN KOTAMADYA JAKARTA PUSAT'),('010121','023','00','01',4,'DINAS PENDIDIKAN NASIONAL KOTAMADYA JAKARTA PUSAT (05)'),('010122','023','00','01',4,'DINAS PENDIDIKAN MENENGAH DAN TINGGI KOTAMADYA JAKARTA PUSAT (01)'),('010124','027','00','01',4,'DINAS BINA MENTAL SPIRITUAL DAN KESEJAHTERAAN SOSIAL KOTAMADYA JAKARTA PUSAT (01)'),('010125','092','00','01',4,'DINAS OLAHRAGA DAN PEMUDA KOTAMADYA JAKARTA PUSAT (01)'),('010126','010','00','01',4,'DINAS KEBUDAYAAN DAN PERMUSEUMAN KOTAMADYA JAKARTA PUSAT (01)'),('010128','010','00','01',4,'BADAN PERENCANAAN DAERAH KOTAMADYA JAKARTA PUSAT (01)'),('010129','088','00','01',4,'BADAN KEPEGAWAIAN DAERAH KOTAMADYA JAKARTA PUSAT'),('010130','010','00','01',4,'BADAN KESBANG KOTAMADYA JAKARTA PUSAT (01)'),('010132','043','00','01',4,'BADAN PENGELOLAAN LINGKUNGAN HIDUP DAERAH KOTAMADYA JAKARTA PUSAT'),('010133','010','00','01',4,'BADAN PEMBERDAYAAN MASYARAKAT KOTAMADYA JAKARTA PUSAT (01)'),('010134','010','00','01',4,'KANTOR DIKLAT KOTAMADYA JAKARTA PUSAT (01)'),('010135','010','00','01',4,'KANTOR PENGELOLAAN TEKNOLOGI INFORMASI KOTAMADYA JAKARTA PUSAT (01)'),('010136','010','00','01',4,'KANTOR ARSIP DAERAH KOTAMADYA JAKARTA PUSAT (01)'),('010137','010','00','01',4,'KANTOR TAMAN MARGASATWA RAGUNAN KOTAMADYA JAKARTA PUSAT (01)'),('010138','010','00','01',4,'KANTOR PERBENDAHARAAN DAN KAS DAERAH KOTAMADYA JAKARTA PUSAT (01)'),('010139','033','00','01',4,'KANTOR TATA BANGUNAN DAN GEDUNG PEMDA KOTAMADYA JAKARTA PUSAT'),('010140','033','00','01',4,'KANTOR PELAYANAN PEMAKAMAN KOTAMADYA JAKARTA PUSAT'),('010141','010','00','01',4,'KANTOR PERPUSTAKAAN UMUM DAERAH KOTAMADYA JAKARTA PUSAT (01)'),('010201','010','00','01',4,'SEKRETARIAT DAERAH KOTAMADYA JAKARTA UTARA (01)'),('010202','010','00','01',4,'DINAS TRAMTIB DAN LINMAS KOTAMADYA JAKARTA UTARA (01)'),('010203','010','00','01',4,'DINAS KEPENDUDUKAN DAN CATATAN SIPIL KOTAMADYA JAKARTA UTARA (01)'),('010204','010','00','01',4,'DINAS PEMADAM KEBAKARAN KOTAMADYA JAKARTA UTARA'),('010206','044','00','01',4,'DINAS KOPERASI UKM KOTAMADYA JAKARTA UTARA (01)'),('010207','010','00','01',4,'DINAS PERINDUSTRIAN DAN PERDAGANGAN KOTAMADYA JAKARTA UTARA (01)'),('010211','010','00','01',4,'DINAS PENDAPATAN DAERAH KOTAMADYA JAKARTA UTARA (01)'),('010212','033','00','01',4,'DINAS PEKERJAAN UMUM KOTAMADYA JAKARTA UTARA'),('010213','033','00','01',4,'DINAS PJU DAN SARANA JARINGAN UTILITAS KOTAMADYA JAKARTA UTARA'),('010214','033','00','01',4,'DINAS TATA KOTA KOTAMADYA JAKARTA UTARA'),('010215','033','00','01',4,'DINAS PENATAAN PENGAWASAN BANGUNAN KOTAMADYA JAKARTA UTARA'),('010216','033','00','01',4,'DINAS PERTAMANAN KOTAMADYA JAKARTA UTARA'),('010217','033','00','01',4,'DINAS PERUMAHAN KOTAMADYA JAKARTA UTARA'),('010218','022','00','01',4,'DINAS PERHUBUNGAN KOTAMADYA JAKARTA UTARA'),('010219','022','00','01',4,'DINAS KEBERSIHAN KOTAMADYA JAKARTA UTARA'),('010220','020','00','01',4,'DINAS PERTAMBANGAN KOTAMADYA JAKARTA UTARA'),('010221','023','00','01',4,'DINAS PENDIDIKAN NASIONAL KOTAMADYA JAKARTA UTARA (05)'),('010222','023','00','01',4,'DINAS PENDIDIKAN MENENGAH DAN TINGGI KOTAMADYA JAKARTA UTARA (01)'),('010224','027','00','01',4,'DINAS BINA MENTAL SPIRITUAL DAN KESEJAHTERAAN SOSIAL KOTAMADYA JAKARTA UTARA (01)'),('010225','092','00','01',4,'DINAS OLAHRAGA DAN PEMUDA KOTAMADYA JAKARTA UTARA (01)'),('010226','010','00','01',4,'DINAS KEBUDAYAAN DAN PERMUSEUMAN KOTAMADYA JAKARTA UTARA (01)'),('010228','010','00','01',4,'BADAN PERENCANAAN DAERAH KOTAMADYA JAKARTA UTARA (01)'),('010229','088','00','01',4,'BADAN KEPEGAWAIAN DAERAH KOTAMADYA JAKARTA UTARA'),('010230','010','00','01',4,'BADAN KESBANG KOTAMADYA JAKARTA UTARA (01)'),('010232','043','00','01',4,'BADAN PENGELOLAAN LINGKUNGAN HIDUP DAERAH KOTAMADYA JAKARTA UTARA'),('010233','010','00','01',4,'BADAN PEMBERDAYAAN MASYARAKAT KOTAMADYA JAKARTA UTARA (01)'),('010234','010','00','01',4,'KANTOR DIKLAT KOTAMADYA JAKARTA UTARA (01)'),('010235','010','00','01',4,'KANTOR PENGELOLAAN TEKNOLOGI INFORMASI KOTAMADYA JAKARTA UTARA (01)'),('010236','010','00','01',4,'KANTOR ARSIP DAERAH KOTAMADYA JAKARTA UTARA (01)'),('010237','010','00','01',4,'KANTOR TAMAN MARGASATWA RAGUNAN KOTAMADYA JAKARTA UTARA (01)'),('010238','010','00','01',4,'KANTOR PERBENDAHARAAN DAN KAS DAERAH KOTAMADYA JAKARTA UTARA (01)'),('010239','033','00','01',4,'KANTOR TATA BANGUNAN DAN GEDUNG PEMDA KOTAMADYA JAKARTA UTARA'),('010240','033','00','01',4,'KANTOR PELAYANAN PEMAKAMAN KOTAMADYA JAKARTA UTARA'),('010241','010','00','01',4,'KANTOR PERPUSTAKAAN UMUM DAERAH KOTAMADYA JAKARTA UTARA (01)'),('010301','010','00','01',4,'SEKRETARIAT DAERAH KOTAMADYA JAKARTA BARAT (01)'),('010302','010','00','01',4,'DINAS TRAMTIB DAN LINMAS KOTAMADYA JAKARTA BARAT (01)'),('010303','010','00','01',4,'DINAS KEPENDUDUKAN DAN CATATAN SIPIL KOTAMADYA JAKARTA BARAT (01)'),('010304','010','00','01',4,'DINAS PEMADAM KEBAKARAN KOTAMADYA JAKARTA BARAT'),('010306','044','00','01',4,'DINAS KOPERASI UKM KOTAMADYA JAKARTA BARAT (01)'),('010307','010','00','01',4,'DINAS PERINDUSTRIAN DAN PERDAGANGAN KOTAMADYA JAKARTA BARAT (01)'),('010311','010','00','01',4,'DINAS PENDAPATAN DAERAH KOTAMADYA JAKARTA BARAT (01)'),('010312','033','00','01',4,'DINAS PEKERJAAN UMUM KOTAMADYA JAKARTA BARAT'),('010313','033','00','01',4,'DINAS PJU DAN SARANA JARINGAN UTILITAS KOTAMADYA JAKARTA BARAT'),('010314','033','00','01',4,'DINAS TATA KOTA KOTAMADYA JAKARTA BARAT'),('010315','033','00','01',4,'DINAS PENATAAN PENGAWASAN BANGUNAN KOTAMADYA JAKARTA BARAT'),('010316','033','00','01',4,'DINAS PERTAMANAN KOTAMADYA JAKARTA BARAT'),('010317','033','00','01',4,'DINAS PERUMAHAN KOTAMADYA JAKARTA BARAT'),('010318','022','00','01',4,'DINAS PERHUBUNGAN KOTAMADYA JAKARTA BARAT'),('010319','022','00','01',4,'DINAS KEBERSIHAN KOTAMADYA JAKARTA BARAT'),('010320','020','00','01',4,'DINAS PERTAMBANGAN KOTAMADYA JAKARTA BARAT'),('010321','023','00','01',4,'DINAS PENDIDIKAN NASIONAL KOTAMADYA JAKARTA BARAT (05)'),('010322','023','00','01',4,'DINAS PENDIDIKAN MENENGAH DAN TINGGI KOTAMADYA JAKARTA BARAT (01)'),('010324','027','00','01',4,'DINAS BINA MENTAL SPIRITUAL DAN KESEJAHTERAAN SOSIAL KOTAMADYA JAKARTA BARAT (01)'),('010325','092','00','01',4,'DINAS OLAHRAGA DAN PEMUDA KOTAMADYA JAKARTA BARAT (01)'),('010326','010','00','01',4,'DINAS KEBUDAYAAN DAN PERMUSEUMAN KOTAMADYA JAKARTA BARAT (01)'),('010328','010','00','01',4,'BADAN PERENCANAAN DAERAH KOTAMADYA JAKARTA BARAT (01)'),('010329','088','00','01',4,'BADAN KEPEGAWAIAN DAERAH KOTAMADYA JAKARTA BARAT'),('010330','010','00','01',4,'BADAN KESBANG KOTAMADYA JAKARTA BARAT (01)'),('010332','043','00','01',4,'BADAN PENGELOLAAN LINGKUNGAN HIDUP DAERAH KOTAMADYA JAKARTA BARAT'),('010333','010','00','01',4,'BADAN PEMBERDAYAAN MASYARAKAT KOTAMADYA JAKARTA BARAT (01)'),('010334','010','00','01',4,'KANTOR DIKLAT KOTAMADYA JAKARTA BARAT (01)'),('010335','010','00','01',4,'KANTOR PENGELOLAAN TEKNOLOGI INFORMASI KOTAMADYA JAKARTA BARAT (01)'),('010336','010','00','01',4,'KANTOR ARSIP DAERAH KOTAMADYA JAKARTA BARAT (01)'),('010337','010','00','01',4,'KANTOR TAMAN MARGASATWA RAGUNAN KOTAMADYA JAKARTA BARAT (01)'),('010338','010','00','01',4,'KANTOR PERBENDAHARAAN DAN KAS DAERAH KOTAMADYA JAKARTA BARAT (01)'),('010339','033','00','01',4,'KANTOR TATA BANGUNAN DAN GEDUNG PEMDA KOTAMADYA JAKARTA BARAT'),('010340','033','00','01',4,'KANTOR PELAYANAN PEMAKAMAN KOTAMADYA JAKARTA BARAT'),('010341','010','00','01',4,'KANTOR PERPUSTAKAAN UMUM DAERAH KOTAMADYA JAKARTA BARAT (01)'),('010401','010','00','01',4,'SEKRETARIAT DAERAH KOTAMADYA JAKARTA TIMUR (01)'),('010402','010','00','01',4,'DINAS TRAMTIB DAN LINMAS KOTAMADYA JAKARTA TIMUR (01)'),('010403','010','00','01',4,'DINAS KEPENDUDUKAN DAN CATATAN SIPIL KOTAMADYA JAKARTA TIMUR (01)'),('010404','010','00','01',4,'DINAS PEMADAM KEBAKARAN KOTAMADYA JAKARTA TIMUR'),('010406','044','00','01',4,'DINAS KOPERASI UKM KOTAMADYA JAKARTA TIMUR (01)'),('010407','010','00','01',4,'DINAS PERINDUSTRIAN DAN PERDAGANGAN KOTAMADYA JAKARTA TIMUR (01)'),('010411','010','00','01',4,'DINAS PENDAPATAN DAERAH KOTAMADYA JAKARTA TIMUR (01)'),('010412','033','00','01',4,'DINAS PEKERJAAN UMUM KOTAMADYA JAKARTA TIMUR'),('010413','033','00','01',4,'DINAS PJU DAN SARANA JARINGAN UTILITAS KOTAMADYA JAKARTA TIMUR'),('010414','033','00','01',4,'DINAS TATA KOTA KOTAMADYA JAKARTA TIMUR'),('010415','033','00','01',4,'DINAS PENATAAN PENGAWASAN BANGUNAN KOTAMADYA JAKARTA TIMUR'),('010416','033','00','01',4,'DINAS PERTAMANAN KOTAMADYA JAKARTA TIMUR'),('010417','033','00','01',4,'DINAS PERUMAHAN KOTAMADYA JAKARTA TIMUR'),('010418','022','00','01',4,'DINAS PERHUBUNGAN KOTAMADYA JAKARTA TIMUR'),('010419','022','00','01',4,'DINAS KEBERSIHAN KOTAMADYA JAKARTA TIMUR'),('010420','020','00','01',4,'DINAS PERTAMBANGAN KOTAMADYA JAKARTA TIMUR'),('010421','023','00','01',4,'DINAS PENDIDIKAN NASIONAL KOTAMADYA JAKARTA TIMUR (05)'),('010422','023','00','01',4,'DINAS PENDIDIKAN MENENGAH DAN TINGGI KOTAMADYA JAKARTA TIMUR (01)'),('010424','027','00','01',4,'DINAS BINA MENTAL SPIRITUAL DAN KESEJAHTERAAN SOSIAL KOTAMADYA JAKARTA TIMUR (01)'),('010425','092','00','01',4,'DINAS OLAHRAGA DAN PEMUDA KOTAMADYA JAKARTA TIMUR (01)'),('010426','010','00','01',4,'DINAS KEBUDAYAAN DAN PERMUSEUMAN KOTAMADYA JAKARTA TIMUR (01)'),('010428','010','00','01',4,'BADAN PERENCANAAN DAERAH KOTAMADYA JAKARTA TIMUR (01)'),('010429','088','00','01',4,'BADAN KEPEGAWAIAN DAERAH KOTAMADYA JAKARTA TIMUR'),('010430','010','00','01',4,'BADAN KESBANG KOTAMADYA JAKARTA TIMUR (01)'),('010432','043','00','01',4,'BADAN PENGELOLAAN LINGKUNGAN HIDUP DAERAH KOTAMADYA JAKARTA TIMUR'),('010433','010','00','01',4,'BADAN PEMBERDAYAAN MASYARAKAT KOTAMADYA JAKARTA TIMUR (01)'),('010434','010','00','01',4,'KANTOR DIKLAT KOTAMADYA JAKARTA TIMUR (01)'),('010435','010','00','01',4,'KANTOR PENGELOLAAN TEKNOLOGI INFORMASI KOTAMADYA JAKARTA TIMUR (01)'),('010436','010','00','01',4,'KANTOR ARSIP DAERAH KOTAMADYA JAKARTA TIMUR (01)'),('010437','010','00','01',4,'KANTOR TAMAN MARGASATWA RAGUNAN KOTAMADYA JAKARTA TIMUR (01)'),('010438','010','00','01',4,'KANTOR PERBENDAHARAAN DAN KAS DAERAH KOTAMADYA JAKARTA TIMUR (01)'),('010439','033','00','01',4,'KANTOR TATA BANGUNAN DAN GEDUNG PEMDA KOTAMADYA JAKARTA TIMUR'),('010440','033','00','01',4,'KANTOR PELAYANAN PEMAKAMAN KOTAMADYA JAKARTA TIMUR'),('010441','010','00','01',4,'KANTOR PERPUSTAKAAN UMUM DAERAH KOTAMADYA JAKARTA TIMUR (01)'),('010501','010','00','01',4,'SEKRETARIAT DAERAH KOTAMADYA JAKARTA SELATAN (01)'),('010502','010','00','01',4,'DINAS TRAMTIB DAN LINMAS KOTAMADYA JAKARTA SELATAN (01)'),('010503','010','00','01',4,'DINAS KEPENDUDUKAN DAN CATATAN SIPIL KOTAMADYA JAKARTA SELATAN (01)'),('010504','010','00','01',4,'DINAS PEMADAM KEBAKARAN KOTAMADYA JAKARTA SELATAN'),('010506','044','00','01',4,'DINAS KOPERASI UKM KOTAMADYA JAKARTA SELATAN (01)'),('010507','010','00','01',4,'DINAS PERINDUSTRIAN DAN PERDAGANGAN KOTAMADYA JAKARTA SELATAN (01)'),('010511','010','00','01',4,'DINAS PENDAPATAN DAERAH KOTAMADYA JAKARTA SELATAN (01)'),('010512','033','00','01',4,'DINAS PEKERJAAN UMUM KOTAMADYA JAKARTA SELATAN'),('010513','033','00','01',4,'DINAS PJU DAN SARANA JARINGAN UTILITAS KOTAMADYA JAKARTA SELATAN'),('010514','033','00','01',4,'DINAS TATA KOTA KOTAMADYA JAKARTA SELATAN'),('010515','033','00','01',4,'DINAS PENATAAN PENGAWASAN BANGUNAN KOTAMADYA JAKARTA SELATAN'),('010516','033','00','01',4,'DINAS PERTAMANAN KOTAMADYA JAKARTA SELATAN'),('010517','033','00','01',4,'DINAS PERUMAHAN KOTAMADYA JAKARTA SELATAN'),('010518','022','00','01',4,'DINAS PERHUBUNGAN KOTAMADYA JAKARTA SELATAN'),('010519','022','00','01',4,'DINAS KEBERSIHAN KOTAMADYA JAKARTA SELATAN'),('010520','020','00','01',4,'DINAS PERTAMBANGAN KOTAMADYA JAKARTA SELATAN'),('010521','023','00','01',4,'DINAS PENDIDIKAN NASIONAL KOTAMADYA JAKARTA SELATAN (05)'),('010522','023','00','01',4,'DINAS PENDIDIKAN MENENGAH DAN TINGGI KOTAMADYA JAKARTA SELATAN (01)'),('010524','027','00','01',4,'DINAS BINA MENTAL SPIRITUAL DAN KESEJAHTERAAN SOSIAL KOTAMADYA JAKARTA SELATAN (01)'),('010525','092','00','01',4,'DINAS OLAHRAGA DAN PEMUDA KOTAMADYA JAKARTA SELATAN (01)'),('010526','010','00','01',4,'DINAS KEBUDAYAAN DAN PERMUSEUMAN KOTAMADYA JAKARTA SELATAN (01)'),('010528','010','00','01',4,'BADAN PERENCANAAN DAERAH KOTAMADYA JAKARTA SELATAN (01)'),('010529','088','00','01',4,'BADAN KEPEGAWAIAN DAERAH KOTAMADYA JAKARTA SELATAN'),('010530','010','00','01',4,'BADAN KESBANG KOTAMADYA JAKARTA SELATAN (01)'),('010532','043','00','01',4,'BADAN PENGELOLAAN LINGKUNGAN HIDUP DAERAH KOTAMADYA JAKARTA SELATAN'),('010533','010','00','01',4,'BADAN PEMBERDAYAAN MASYARAKAT KOTAMADYA JAKARTA SELATAN (01)');
/*!40000 ALTER TABLE `tb_satker` ENABLE KEYS */;
UNLOCK TABLES;

--
-- Table structure for table `tb_tiket_frontdesk`
--

DROP TABLE IF EXISTS `tb_tiket_frontdesk`;
/*!40101 SET @saved_cs_client     = @@character_set_client */;
/*!40101 SET character_set_client = utf8 */;
CREATE TABLE `tb_tiket_frontdesk` (
  `no_tiket_frontdesk` int(11) NOT NULL AUTO_INCREMENT,
  `id_satker` varchar(7) DEFAULT NULL,
  `id_formulir` int(11) DEFAULT NULL,
  `tanggal` date DEFAULT NULL,
  `tanggal_selesai` date DEFAULT NULL,
  `no_antrian` varchar(10) DEFAULT NULL,
  `status` varchar(10) DEFAULT NULL,
  `lavel` int(11) DEFAULT NULL,
  `id_petugas_satker` int(11) DEFAULT NULL,
  PRIMARY KEY (`no_tiket_frontdesk`),
  KEY `FK_tb_tiket_frontdesk_formulir` (`id_formulir`),
  KEY `FK_tb_tiket_frontdesk_satker_a` (`id_petugas_satker`),
  KEY `FK_tb_tiket_frontdesk_satker` (`id_satker`),
  CONSTRAINT `FK_tb_tiket_frontdesk_satker` FOREIGN KEY (`id_satker`) REFERENCES `tb_satker` (`id_satker`),
  CONSTRAINT `FK_tb_tiket_frontdesk_formulir` FOREIGN KEY (`id_formulir`) REFERENCES `tb_formulir_revisi` (`id_formulir`),
  CONSTRAINT `FK_tb_tiket_frontdesk_satker_a` FOREIGN KEY (`id_petugas_satker`) REFERENCES `tb_petugas_satker` (`id_petugas_satker`)
) ENGINE=InnoDB DEFAULT CHARSET=latin1;
/*!40101 SET character_set_client = @saved_cs_client */;

--
-- Dumping data for table `tb_tiket_frontdesk`
--

LOCK TABLES `tb_tiket_frontdesk` WRITE;
/*!40000 ALTER TABLE `tb_tiket_frontdesk` DISABLE KEYS */;
/*!40000 ALTER TABLE `tb_tiket_frontdesk` ENABLE KEYS */;
UNLOCK TABLES;

--
-- Table structure for table `tb_tiket_helpdesk`
--

DROP TABLE IF EXISTS `tb_tiket_helpdesk`;
/*!40101 SET @saved_cs_client     = @@character_set_client */;
/*!40101 SET character_set_client = utf8 */;
CREATE TABLE `tb_tiket_helpdesk` (
  `no_tiket_helpdesk` int(11) NOT NULL AUTO_INCREMENT,
  `id_satker` varchar(7) DEFAULT NULL,
  `tanggal` date DEFAULT NULL,
  `judul` varchar(300) DEFAULT NULL,
  `pertanyaan` text,
  `id_knowledge_base` int(11) DEFAULT NULL,
  `jawab` text,
  `sumber` varchar(200) DEFAULT NULL,
  `no_antrian` varchar(10) DEFAULT NULL,
  `status` varchar(8) DEFAULT NULL,
  `tanggal_selesai` date DEFAULT NULL,
  `id_petugas_satket` int(11) DEFAULT NULL,
  PRIMARY KEY (`no_tiket_helpdesk`),
  KEY `FK_tb_tiket_helpdesk` (`id_knowledge_base`),
  KEY `FK_tb_tiket_helpdesk_satker_a` (`id_petugas_satket`),
  KEY `FK_tb_tiket_helpdesk_satker` (`id_satker`),
  CONSTRAINT `FK_tb_tiket_helpdesk_satker` FOREIGN KEY (`id_satker`) REFERENCES `tb_satker` (`id_satker`),
  CONSTRAINT `FK_tb_tiket_helpdesk` FOREIGN KEY (`id_knowledge_base`) REFERENCES `tb_knowledge_base` (`id_knowledge_base`),
  CONSTRAINT `FK_tb_tiket_helpdesk_satker_a` FOREIGN KEY (`id_petugas_satket`) REFERENCES `tb_petugas_satker` (`id_petugas_satker`)
) ENGINE=InnoDB DEFAULT CHARSET=latin1;
/*!40101 SET character_set_client = @saved_cs_client */;

--
-- Dumping data for table `tb_tiket_helpdesk`
--

LOCK TABLES `tb_tiket_helpdesk` WRITE;
/*!40000 ALTER TABLE `tb_tiket_helpdesk` DISABLE KEYS */;
/*!40000 ALTER TABLE `tb_tiket_helpdesk` ENABLE KEYS */;
UNLOCK TABLES;

--
-- Table structure for table `tb_unit`
--

DROP TABLE IF EXISTS `tb_unit`;
/*!40101 SET @saved_cs_client     = @@character_set_client */;
/*!40101 SET character_set_client = utf8 */;
CREATE TABLE `tb_unit` (
  `id_unit` varchar(3) NOT NULL,
  `id_kementrian` varchar(3) DEFAULT NULL,
  `nama_unit` varchar(300) DEFAULT NULL,
  KEY `FK_tb_unit_kementrian` (`id_kementrian`),
  CONSTRAINT `FK_tb_unit_kementrian` FOREIGN KEY (`id_kementrian`) REFERENCES `tb_kementrian` (`id_kementrian`)
) ENGINE=InnoDB DEFAULT CHARSET=latin1;
/*!40101 SET character_set_client = @saved_cs_client */;

--
-- Dumping data for table `tb_unit`
--

LOCK TABLES `tb_unit` WRITE;
/*!40000 ALTER TABLE `tb_unit` DISABLE KEYS */;
INSERT INTO `tb_unit` VALUES ('01','001','SEKRETARIAT JENDERAL'),('01','002','SEKRETARIAT JENDERAL'),('01','004','SEKRETARIAT JENDERAL'),('01','005','BADAN URUSAN ADMINISTRASI'),('01','006','KEJAKSAAN REPUBLIK INDONESIA'),('01','007','SEKRETARIAT NEGARA'),('01','010','SEKRETARIAT JENDERAL'),('01','011','SEKRETARIAT JENDERAL'),('01','012','KEMENTERIAN PERTAHANAN'),('01','013','SEKRETARIAT JENDERAL'),('01','015','SEKRETARIAT JENDERAL'),('01','018','SEKRETARIAT JENDERAL'),('01','019','SEKRETARIAT JENDERAL'),('01','020','SEKRETARIAT JENDERAL'),('01','022','SEKRETARIAT JENDERAL'),('01','023','SEKRETARIAT JENDERAL'),('01','024','SEKRETARIAT JENDERAL'),('01','025','SEKRETARIAT JENDERAL'),('01','026','SEKRETARIAT JENDERAL'),('01','027','SEKRETARIAT JENDERAL'),('01','029','SEKRETARIAT JENDERAL'),('01','032','SEKRETARIAT JENDERAL'),('01','033','SEKRETARIAT JENDERAL'),('01','034','KEMENTERIAN KOORDINATOR BIDANG POLITIK, HUKUM  DAN KEAMANAN'),('01','035','KEMENTERIAN KOORDINATOR BIDANG PEREKONOMIAN'),('01','036','KEMENTERIAN KOORDINATOR BIDANG KESEJAHTERAAN RAKYAT'),('01','040','SEKRETARIAT JENDERAL'),('01','041','KEMENTERIAN BADAN USAHA MILIK NEGARA'),('01','042','KEMENTERIAN RISET DAN TEKNOLOGI'),('01','043','KEMENTERIAN LINGKUNGAN HIDUP'),('01','044','KEMENTERIAN KOPERASI DAN PENGUSAHA KECIL DAN MENENGAH'),('01','047','KEMENTERIAN PEMBERDAYAAN PEREMPUAN DAN PERLINDUNGAN ANAK'),('01','048','KEMENTERIAN PENDAYAGUNAAN APARATUR NEGARA DAN REFORMASI BIROKRASI'),('01','050','BADAN INTELIJEN NEGARA'),('01','051','LEMBAGA SANDI NEGARA'),('01','052','SETJEN DEWAN KETAHANAN NASIONAL'),('01','054','BADAN PUSAT STATISTIK'),('01','055','KEMENTERIAN PERENCANAAN PEMBANGUNAN NASIONAL'),('01','056','BADAN PERTANAHAN NASIONAL'),('01','057','PERPUSTAKAAN NASIONAL'),('01','059','SEKRETARIAT JENDERAL'),('01','060','KEPOLISIAN NEGARA REPUBLIK INDONESIA'),('01','063','BADAN PENGAWAS OBAT DAN MAKANAN'),('01','064','LEMBAGA KETAHANAN NASIONAL RI'),('01','065','BADAN KOORDINASI PENANAMAN MODAL'),('01','066','BADAN NARKOTIKA NASIONAL'),('01','067','KEMENTERIAN PEMBANGUNAN DAERAH TERTINGGAL'),('01','068','BADAN KEPENDUDUKAN DAN KELUARGA BERENCANA NASIONAL'),('01','074','KOMNAS HAM'),('01','075','BADAN METEOROLOGI, KLIMATOLOGI DAN GEOFISIKA'),('01','076','KOMISI PEMILIHAN UMUM'),('01','077','MAHKAMAH KONSTITUSI RI'),('01','078','PUSAT PELAPORAN DAN ANALISIS TRANSAKSI KEUANGAN'),('01','079','LEMBAGA ILMU PENGETAHUAN INDONESIA'),('01','080','BADAN TENAGA NUKLIR NASIONAL'),('01','081','BADAN PENGKAJIAN DAN PENERAPAN TEKNOLOGI'),('01','082','L A P A N'),('01','083','BADAN KOORDINASI SURVEI DAN PEMETAAN NASIONAL'),('01','084','BADAN STANDARISASI NASIONAL'),('01','085','BADAN PENGAWAS TENAGA NUKLIR'),('01','086','LEMBAGA ADMINISTRASI NEGARA'),('01','087','ARSIP NASIONAL'),('01','088','BADAN KEPEGAWAIAN NEGARA'),('01','089','BADAN PENGAWASAN KEUANGAN DAN PEMBANGUNAN'),('01','090','SEKRETARIAT JENDERAL'),('01','091','KEMENTERIAN PERUMAHAN RAKYAT'),('01','092','KEMENTERIAN PEMUDA DAN OLAH RAGA'),('01','093','KOMISI PEMBERANTASAN KORUPSI'),('01','095','SEKRETARIAT JENDERAL DPD RI'),('01','100','KOMISI YUDISIAL RI'),('01','103','BADAN NASIONAL PENANGGULANGAN BENCANA'),('01','104','SEKRETARIAT UTAMA BNP2TKI'),('01','105','BADAN PENANGGULANGAN LUMPUR SIDOARJO (BPLS)'),('01','106','LEMBAGA KEBIJAKAN PENGADAAN BARANG/JASA PEMERINTAH'),('01','107','BADAN SAR NASIONAL'),('01','108','KOMISI PENGAWAS PERSAINGAN USAHA'),('01','109','BADAN PENGEMBANGAN WILAYAH SURAMADU (BPWS)'),('01','110','OMBUDSMAN REPUBLIK INDONESIA'),('01','111','BADAN NASIONAL PENGELOLA PERBATASAN'),('01','999','PENGELOLAAN UTANG'),('02','001','M A J E L I S'),('02','002','D E W A N'),('02','004','B. P. K.  PUSAT'),('02','005','KEPANITERAAN'),('02','007','SEKRETARIAT KABINET'),('02','010','INSPEKTORAT JENDERAL'),('02','011','DIREKTORAT JENDERAL ASIA PASIFIK DAN AFRIKA'),('02','013','INSPEKTORAT JENDERAL'),('02','015','INSPEKTORAT JENDERAL'),('02','018','INSPEKTORAT JENDERAL'),('02','019','DIREKTORAT JENDERAL INDUSTRI AGRO'),('02','020','INSPEKTORAT JENDERAL'),('02','022','INSPEKTORAT JENDERAL'),('02','023','INSPEKTORAT JENDERAL'),('02','024','INSPEKTORAT JENDERAL'),('02','025','INSPEKTORAT JENDERAL'),('02','026','INSPEKTORAT JENDERAL'),('02','027','INSPEKTORAT JENDERAL'),('02','029','INSPEKTORAT JENDERAL'),('02','032','INSPEKTORAT JENDERAL'),('02','033','INSPEKTORAT JENDERAL'),('02','040','INSPEKTORAT JENDERAL'),('02','059','INSPEKTORAT JENDERAL'),('02','090','DIREKTORAT JENDERAL PERDAGANGAN DALAM NEGERI'),('02','095','DEWAN PERWAKILAN DAERAH'),('02','999','PENGELOLAAN HIBAH'),('03','005','DIREKTORAT JENDERAL BADAN PERADILAN UMUM'),('03','007','SEKRETARIAT PRESIDEN'),('03','010','DITJEN KESATUAN BANGSA DAN POLITIK'),('03','011','DIREKTORAT JENDERAL AMERIKA DAN EROPA'),('03','013','DITJEN ADMINISTRASI HUKUM UMUM'),('03','015','DITJEN ANGGARAN'),('03','018','DITJEN TANAMAN PANGAN'),('03','019','DIREKTORAT JENDERAL BASIS INDUSTRI MANUFAKTUR'),('03','022','DITJEN PERHUBUNGAN DARAT'),('03','023','DITJEN PENDIDIKAN DASAR'),('03','024','DITJEN BINA GIZI DAN KESEHATAN IBU DAN ANAK'),('03','025','DITJEN BIMBINGAN MASYARAKAT ISLAM'),('03','027','DITJEN PEMBERDAYAAN SOSIAL DAN PENANGGULANGAN KEMISKINAN'),('03','029','DITJEN BINA USAHA KEHUTANAN'),('03','032','DITJEN PERIKANAN TANGKAP'),('03','033','DITJEN PENATAAN RUANG'),('03','040','DIREKTORAT JENDERAL NILAI BUDAYA, SENI DAN FILM'),('03','059','DITJEN SUMBER DAYA DAN PERANGKAT POS DAN INFORMATIKA'),('03','061','CICILAN DAN BUNGA HUTANG'),('03','062','SUBSIDI DAN TRANSFER'),('03','069','BELANJA LAIN-LAIN'),('03','070','DANA PERIMBANGAN'),('03','071','DANA OTONOMI KHUSUS PENYEIMBANG'),('03','090','DIREKTORAT JENDERAL PERDAGANGAN LUAR NEGERI'),('03','096','PEMBAYARAN CICILAN POKOK HUTANG LUAR NEGERI'),('03','097','PEMBAYARAN CICILAN POKOK HUTANG DALAM NEGERI'),('03','098','PENERUSAN PINJAMAN'),('03','099','PENYERTAAN MODAL NEGARA'),('03','101','PENERUSAN PINJAMAN SEBAGAI HIBAH'),('03','102','PENERUSAN  HIBAH'),('03','999','PENGELOLAAN INVESTASI PEMERINTAH'),('04','005','DIREKTORAT JENDERAL BADAN PERADILAN AGAMA'),('04','007','SEKRETARIAT WAKIL PRESIDEN'),('04','010','DITJEN PEMERINTAHAN UMUM'),('04','011','DIREKTORAT JENDERAL KERJA SAMA ASEAN'),('04','015','DITJEN PAJAK'),('04','018','DITJEN HORTIKULTURA'),('04','019','DIREKTORAT JENDERAL INDUSTRI UNGGULAN BERBASIS TEKNOLOGI TINGGI'),('04','020','DITJEN MINYAK DAN GAS BUMI'),('04','022','DITJEN PERHUBUNGAN LAUT'),('04','023','DITJEN PENDIDIKAN TINGGI'),('04','024','DITJEN BINA UPAYA KESEHATAN'),('04','025','DITJEN PENDIDIKAN ISLAM'),('04','026','DITJEN PEMBINAAN PENEMPATAN TENAGA KERJA'),('04','027','DITJEN REHABILITASI SOSIAL'),('04','029','DITJEN BINA PENGELOLAAN DAS DAN PERHUTANAN SOSIAL'),('04','032','DITJEN PERIKANAN BUDIDAYA'),('04','033','DITJEN BINA MARGA'),('04','040','DIREKTORAT JENDERAL SEJARAH DAN PURBAKALA'),('04','059','DITJEN APLIKASI INFORMATIKA'),('04','090','DIREKTORAT JENDERAL KERJASAMA PERDAGANGAN INTERNASIONAL'),('04','999','PENGELOLAAN PENERUSAN PINJAMAN'),('05','005','DIREKTORAT JENDERAL BADAN PERADILAN MILITER DAN PERADILAN TATA USAHA N'),('05','007','SEKRETARIAT MILITER PRESIDEN'),('05','010','DITJEN PEMBERDAYAAN MASYARAKAT DAN DESA'),('05','011','DIREKTORAT JENDERAL MULTILATERAL'),('05','013','DITJEN PEMASYARAKATAN'),('05','015','DITJEN BEA DAN CUKAI'),('05','018','DITJEN PERKEBUNAN'),('05','019','DIREKTORAT JENDERAL INDUSTRI KECIL DAN MENENGAH'),('05','020','DITJEN KETENAGALISTRIKAN'),('05','022','DITJEN PERHUBUNGAN UDARA'),('05','023','DITJEN PENDIDIKAN ANAK USIA DINI, NONFORMAL DAN INFORMAL'),('05','024','DITJEN PENGENDALIAAN PENYAKIT DAN PENYEHATAN LINGKUNGAN'),('05','025','DITJEN BIMBINGAN MASYARAKAT KRISTEN'),('05','026','DITJEN PEMBINAAN HUBUNGAN INDUSTRIAL & JAMINAN SOSIAL KETENAGAKERJAAN'),('05','027','DITJEN PERLINDUNGAN DAN JAMINAN SOSIAL'),('05','029','DITJEN PERLINDUNGAN HUTAN DAN KONSERVASI ALAM'),('05','032','DITJEN PENGAWASAN SUMBERDAYA KELAUTAN DAN PERIKANAN'),('05','033','DITJEN CIPTA KARYA'),('05','040','DIREKTORAT JENDERAL PENGEMBANGAN DESTINASI PARIWISATA'),('05','059','DITJEN PENYELENGGARAAN POS DAN INFORMATIKA'),('05','090','INSPEKTORAT JENDERAL'),('05','999','PENGELOLAAN TRANSFER KE DAERAH'),('06','005','BADAN PENELITIAN DAN PENGEMBANGAN PENDIDIKAN DAN PELATIHAN HUKUM DAN P'),('06','007','PASUKAN PENGAMANAN PRESIDEN'),('06','010','DITJEN BINA PEMBANGUNAN DAERAH'),('06','011','DIREKTORAT JENDERAL INFORMASI DAN DIPLOMASI PUBLIK'),('06','013','DITJEN IMIGRASI'),('06','015','DITJEN PERIMBANGAN KEUANGAN'),('06','018','DITJEN PETERNAKAN DAN KESEHATAN HEWAN'),('06','019','INSPEKTORAT JENDERAL'),('06','020','DITJEN MINERAL DAN BATUBARA'),('06','025','DITJEN BIMBINGAN MASYARAKAT KATOLIK'),('06','026','DITJEN PEMBINAAN PEMBANGUNAN KAWASAN TRANSMIGRASI'),('06','029','DITJEN PLANOLOGI KEHUTANAN'),('06','032','DITJEN PENGOLAHAN DAN PEMASARAN HASIL PERIKANAN (P2HP)'),('06','033','DITJEN SUMBER DAYA AIR'),('06','040','DIREKTORAT JENDERAL PEMASARAN'),('06','059','BADAN PENELITIAN DAN PENGEMBANGAN SUMBER DAYA MANUSIA'),('06','090','DIREKTORAT JENDERAL PENGEMBANGAN EKSPOR NASIONAL'),('06','999','PENGELOLAAN BELANJA SUBSIDI DAN LAIN-LAIN'),('07','005','BADAN PENGAWASAN MAHKAMAH AGUNG'),('07','007','DEWAN PERTIMBANGAN PRESIDEN'),('07','010','DITJEN OTONOMI DAERAH'),('07','011','DIREKTORAT JENDERAL HUKUM DAN PERJANJIAN INTERNASIONAL'),('07','013','DITJEN HAK ATAS KEKAYAAN INTELEKTUAL'),('07','015','DITJEN PENGELOLAAN UTANG'),('07','018','DITJEN PENGOLAHAN DAN PEMASARAN HASIL PERTANIAN'),('07','019','BADAN PENGKAJIAN KEBIJAKAN, IKLIM DAN MUTU INDUSTRI'),('07','020','DEWAN ENERGI NASIONAL'),('07','024','DITJEN BINA KEFARMASIAN DAN ALAT KESEHATAN'),('07','025','DITJEN BIMBINGAN MASYARAKAT HINDU'),('07','026','DITJEN PEMBINAAN PENGEMBANGAN MASYARAKAT DAN KAWASAN TRANSMIGRASI'),('07','029','BADAN PENELITIAN DAN PENGEMBANGAN KEHUTANAN'),('07','032','DITJEN KELAUTAN, PESISIR DAN PULAU-PULAU KECIL (KP3K)'),('07','059','DITJEN INFORMASI DAN KOMUNIKASI PUBLIK'),('07','090','BADAN PENGAWAS PERDAGANGAN BERJANGKA KOMODITI'),('07','999','PENGELOLAAN BELANJA SUBSIDI'),('08','007','UNIT KERJA PRESIDEN BD.PENGAWASAN & PENGENDALIAN PEMBANGUNAN (UKP4)'),('08','010','DITJEN KEPENDUDUKAN DAN PENCATATAN SIPIL'),('08','011','DIREKTORAT JENDERAL PROTOKOL DAN KONSULER'),('08','013','DITJEN PERATURAN PERUNDANG-UNDANGAN'),('08','015','DITJEN PERBENDAHARAAN'),('08','018','DITJEN PRASARANA DAN SARANA PERTANIAN'),('08','019','DIREKTORAT JENDERAL PENGEMBANGAN PERWILAYAHAN INDUSTRI'),('08','022','DIREKTORAT JENDERAL PERKERETAAPIAN'),('08','025','DITJEN BIMBINGAN MASYARAKAT BUDDHA'),('08','026','DITJEN PEMBINAAN PENGAWASAN KETENAGAKERJAAN'),('08','029','BADAN PENYULUHAN DAN PENGEMBANGAN SUMBER DAYA MANUSIA KEHUTANAN'),('08','090','BADAN PENGKAJIAN  DAN PENGEMBANGAN KEBIJAKAN PERDAGANGAN'),('08','999','PENGELOLAAN BELANJA LAIN-LAIN'),('09','007','LEMBAGA PERLINDUNGAN SAKSI DAN KORBAN (LPSK)'),('09','010','DITJEN KEUANGAN DAERAH'),('09','011','INSPEKTORAT JENDERAL'),('09','013','DITJEN HAK ASASI MANUSIA'),('09','015','DITJEN KEKAYAAN NEGARA'),('09','018','BADAN PENELITIAN DAN PENGEMBANGAN PERTANIAN'),('09','019','DIREKTORAT JENDERAL KERJASAMA INDUSTRI INTERNATIONAL'),('09','025','DITJEN PENYELENGGARAAN HAJI DAN UMRAH'),('09','090','DIREKTORAT JENDERAL STANDARDISASI DAN PERLINDUNGAN KONSUMEN'),('10','013','BADAN PEMBINAAN HUKUM NASIONAL'),('10','015','BADAN PENGAWAS PASAR MODAL DAN LEMBAGA KEUANGAN'),('10','018','BADAN PENYULUHAN DAN PENGEMBANGAN SUMBER DAYA MANUSIA PERTANIAN'),('10','040','BADAN PENGEMBANGAN SUMBER DAYA KEBUDAYAAN DAN PARIWISATA'),('10','069','DEPARTEMEN DALAM NEGERI'),('11','010','BADAN PENELITIAN DAN PENGEMBANGAN'),('11','011','BADAN PENGKAJIAN DAN PENGEMBANGAN KEBIJAKAN'),('11','013','BADAN PENELITIAN DAN PENGEMBANGAN HAM'),('11','015','BADAN PENDIDIKAN DAN PELATIHAN KEUANGAN'),('11','018','BADAN KETAHANAN PANGAN'),('11','020','BADAN PENELITIAN DAN PENGEMBANGAN ENERGI DAN SUMBER DAYA MINERAL'),('11','022','BADAN PENELITIAN DAN PENGEMBANGAN PERHUBUNGAN'),('11','023','BADAN PENELITIAN DAN PENGEMBANGAN'),('11','024','BADAN PENELITIAN DAN PENGEMBANGAN KESEHATAN'),('11','025','BADAN PENELITIAN PENGEMBANGAN DAN PENDIDIKAN PELATIHAN'),('11','026','BADAN PENELITIAN, PENGEMBANGAN DAN INFORMASI'),('11','027','BADAN PENDIDIKAN DAN PENELITIAN KESEJAHTERAAN SOSIAL'),('11','032','BADAN PENELITIAN DAN PENGEMBANGAN KELAUTAN DAN PERIKANAN'),('11','033','BADAN PENELITIAN DAN PENGEMBANGAN'),('12','010','BADAN PENDIDIKAN DAN PELATIHAN'),('12','013','BADAN PENGEMBANGAN SUMBER DAYA MANUSIA HUKUM DAN HAK ASASI MANUSIA'),('12','015','BADAN KEBIJAKAN FISKAL'),('12','018','BADAN KARANTINA PERTANIAN'),('12','020','BADAN DIKLAT ENERGI DAN SUMBER DAYA MINERAL'),('12','022','BADAN PENGEMBANGAN SUMBER DAYA MANUSIA PERHUBUNGAN'),('12','023','DITJEN PENDIDIKAN MENENGAH'),('12','024','BADAN PENGEMBANGAN DAN PEMBERDAYAAN SDM KESEHATAN'),('12','032','BADAN PENGEMBANGAN SDM KELAUTAN DAN PERIKANAN'),('13','020','BADAN GEOLOGI'),('13','023','BADAN PENGEMBANGAN DAN PEMBINAAN BAHASA'),('13','026','DITJEN PEMBINAAN PELATIHAN DAN PRODUKTIVITAS'),('13','032','BADAN KARANTINA IKAN, PENGENDALIAN MUTU DAN KEAMANAN HASIL PERIKANAN'),('13','033','BADAN PEMBINAAN KONSTRUKSI'),('14','020','BPH MIGAS'),('14','023','BADAN PENGEMBANGAN SDM PENDIDIKAN DAN PENJAMINAN MUTU PENDIDIKAN'),('15','020','DITJEN ENERGI BARU TERBARUKAN DAN KONSERVASI ENERGI'),('21','012','MARKAS BESAR TNI'),('22','012','MARKAS BESAR TNI AD'),('23','012','MARKAS BESAR TNI AL'),('24','012','MARKAS BESAR TNI AU'),('99','999','PENGELOLAAN TRANSAKSI KHUSUS');
/*!40000 ALTER TABLE `tb_unit` ENABLE KEYS */;
UNLOCK TABLES;

--
-- Table structure for table `tb_unit_saker`
--

DROP TABLE IF EXISTS `tb_unit_saker`;
/*!40101 SET @saved_cs_client     = @@character_set_client */;
/*!40101 SET character_set_client = utf8 */;
CREATE TABLE `tb_unit_saker` (
  `kode_unit` varchar(18) NOT NULL,
  `nama_unit` varchar(200) DEFAULT NULL,
  PRIMARY KEY (`kode_unit`)
) ENGINE=InnoDB DEFAULT CHARSET=latin1;
/*!40101 SET character_set_client = @saved_cs_client */;

--
-- Dumping data for table `tb_unit_saker`
--

LOCK TABLES `tb_unit_saker` WRITE;
/*!40000 ALTER TABLE `tb_unit_saker` DISABLE KEYS */;
INSERT INTO `tb_unit_saker` VALUES ('0203010100201101 ','Seksi Anggaran 1A-1 '),('0203010200201101 ','Subbagian tata usaha ');
/*!40000 ALTER TABLE `tb_unit_saker` ENABLE KEYS */;
UNLOCK TABLES;

--
-- Table structure for table `tb_user`
--

DROP TABLE IF EXISTS `tb_user`;
/*!40101 SET @saved_cs_client     = @@character_set_client */;
/*!40101 SET character_set_client = utf8 */;
CREATE TABLE `tb_user` (
  `id_user` int(11) NOT NULL AUTO_INCREMENT,
  `username` varchar(16) DEFAULT NULL,
  `password` varchar(25) DEFAULT NULL,
  `nama` varchar(45) DEFAULT NULL,
  `email` varchar(30) DEFAULT NULL,
  `no_tlp` varchar(15) DEFAULT NULL,
  `kode_unit` varchar(17) DEFAULT NULL,
  `id_lavel` int(11) DEFAULT NULL,
  PRIMARY KEY (`id_user`),
  KEY `FK_tb_user_unit` (`kode_unit`),
  KEY `FK_tb_user` (`id_lavel`),
  CONSTRAINT `FK_tb_user` FOREIGN KEY (`id_lavel`) REFERENCES `tb_lavel` (`id_lavel`),
  CONSTRAINT `FK_tb_user_unit` FOREIGN KEY (`kode_unit`) REFERENCES `tb_unit_saker` (`kode_unit`)
) ENGINE=InnoDB AUTO_INCREMENT=9 DEFAULT CHARSET=latin1;
/*!40101 SET character_set_client = @saved_cs_client */;

--
-- Dumping data for table `tb_user`
--

LOCK TABLES `tb_user` WRITE;
/*!40000 ALTER TABLE `tb_user` DISABLE KEYS */;
INSERT INTO `tb_user` VALUES (1,'user_a','pass_1234','heru setiawan','email_a@depkeu.go.id','09876542345678','0203010100201101',1),(2,'user_b','pass_1234','muhaman abdulloh','email_a@depkeu.go.id','09876542345678','0203010100201101',1),(4,'user_c','pass_1234','mike purwanti','email_a@depkeu.go.id','09876542345678','0203010100201101',1),(5,'user_d','pass_1234','ayu fatimah','email_a@depkeu.go.id','09876542345678','0203010200201101',6),(6,'user_e','pass_1234','michael sinulingga','email_a@depkeu.go.id','09876542345678','0203010200201101',7),(7,'user_f','pass_1234','kristian yohanes','email_a@depkeu.go.id','09876542345678','0203010200201101',8),(8,'user_g','pass_1234','fidelio joele','email_a@depkeu.go.id','09876542345678','0203010200201101',9);
/*!40000 ALTER TABLE `tb_user` ENABLE KEYS */;
UNLOCK TABLES;
/*!40103 SET TIME_ZONE=@OLD_TIME_ZONE */;

/*!40101 SET SQL_MODE=@OLD_SQL_MODE */;
/*!40014 SET FOREIGN_KEY_CHECKS=@OLD_FOREIGN_KEY_CHECKS */;
/*!40014 SET UNIQUE_CHECKS=@OLD_UNIQUE_CHECKS */;
/*!40101 SET CHARACTER_SET_CLIENT=@OLD_CHARACTER_SET_CLIENT */;
/*!40101 SET CHARACTER_SET_RESULTS=@OLD_CHARACTER_SET_RESULTS */;
/*!40101 SET COLLATION_CONNECTION=@OLD_COLLATION_CONNECTION */;
/*!40111 SET SQL_NOTES=@OLD_SQL_NOTES */;

-- Dump completed on 2011-11-28 19:36:17
